timestamp,open,close,changePercent
2019-12-19 09:45:00,154.5550,154.7200,-0.10675811199895961
2019-12-19 09:50:00,154.7200,154.6200,0.06463288521199219
2019-12-19 09:55:00,154.6350,154.4800,0.10023603970640614
2019-12-19 10:00:00,154.4700,154.5050,-0.022658121318053077
2019-12-19 10:05:00,154.5050,154.4400,0.04206983592763842
2019-12-19 10:10:00,154.4400,154.4850,-0.029137529137539444
2019-12-19 10:15:00,154.4849,154.3700,0.07437620116917949
2019-12-19 10:20:00,154.3750,154.4450,-0.045344129554651454
2019-12-19 10:25:00,154.4450,154.5000,-0.03561138269287243
2019-12-19 10:30:00,154.5000,154.6200,-0.07766990291262431
2019-12-19 10:35:00,154.6400,154.3500,0.1875323331608847
2019-12-19 10:40:00,154.3501,154.4200,-0.04528665676276845
2019-12-19 10:45:00,154.4100,154.4701,-0.03892234958876083
2019-12-19 10:50:00,154.4700,154.4700,0.0
2019-12-19 10:55:00,154.4600,154.4286,0.0203288877379381
2019-12-19 11:00:00,154.4200,154.4700,-0.03237922548893367
2019-12-19 11:05:00,154.4700,154.4550,0.009710623422014862
2019-12-19 11:10:00,154.4550,154.5766,-0.07872843222945247
2019-12-19 11:15:00,154.5758,154.5050,0.04580277119703816
2019-12-19 11:20:00,154.5089,154.5000,0.005760185982821204
2019-12-19 11:25:00,154.5085,154.7500,-0.1563020804680662
2019-12-19 11:30:00,154.7500,154.7730,-0.014862681744747096
2019-12-19 11:35:00,154.7700,154.7800,-0.006461200491045361
2019-12-19 11:40:00,154.7750,154.8455,-0.04554999192374825
2019-12-19 11:45:00,154.8450,154.7400,0.06780974522909347
2019-12-19 11:50:00,154.6600,154.8100,-0.09698693909220593
2019-12-19 11:55:00,154.8000,154.9000,-0.0645994832041307
2019-12-19 12:00:00,154.9000,154.9300,-0.019367333763719262
2019-12-19 12:05:00,154.9250,155.1300,-0.13232209133450643
2019-12-19 12:10:00,155.1354,155.0666,0.04434835633904975
2019-12-19 12:15:00,155.0699,154.9973,0.04681759645166098
2019-12-19 12:20:00,154.9900,155.1050,-0.07419833537646343
2019-12-19 12:25:00,155.1000,155.1084,-0.005415860735006211
2019-12-19 12:30:00,155.1000,155.0825,0.011283043197926553
2019-12-19 12:35:00,155.0800,155.0000,0.05158627805004675
2019-12-19 12:40:00,154.9901,155.0250,-0.02251756725106524
2019-12-19 12:45:00,155.0250,155.0150,0.006450572488320805
2019-12-19 12:50:00,155.0108,155.0129,-0.0013547443145979954
2019-12-19 12:55:00,155.0200,154.9700,0.03225390272223672
2019-12-19 13:00:00,154.9700,154.9900,-0.012905723688462432
2019-12-19 13:05:00,154.9800,154.9743,0.003677893921790082
2019-12-19 13:10:00,154.9750,154.9798,-0.003097273753842384
2019-12-19 13:15:00,154.9800,155.0100,-0.019357336430507896
2019-12-19 13:20:00,155.0100,155.1300,-0.07741436036385044
2019-12-19 13:25:00,155.1250,155.1500,-0.016116035455281667
2019-12-19 13:30:00,155.1561,155.1950,-0.0250715247418464
2019-12-19 13:35:00,155.1954,155.1850,0.006701229546754725
2019-12-19 13:40:00,155.1900,155.2072,-0.011083188349766446
2019-12-19 13:45:00,155.2100,155.2269,-0.010888473680814758
2019-12-19 13:50:00,155.2250,155.2644,-0.025382509260750873
2019-12-19 13:55:00,155.2700,155.2900,-0.012880788304232504
2019-12-19 14:00:00,155.2900,155.3000,-0.006439564685439711
2019-12-19 14:05:00,155.3000,155.3000,0.0
2019-12-19 14:10:00,155.3100,155.3050,0.0032193677161776145
2019-12-19 14:15:00,155.3050,155.3802,-0.04842084929654246
2019-12-19 14:20:00,155.3839,155.4700,-0.05541114619982355
2019-12-19 14:25:00,155.4750,155.4350,0.025727608940338986
2019-12-19 14:30:00,155.4350,155.5050,-0.045034902049083655
2019-12-19 14:35:00,155.5000,155.5100,-0.006430868167196724
2019-12-19 14:40:00,155.5150,155.6099,-0.06102305243868692
2019-12-19 14:45:00,155.6050,155.6100,-0.0032132643552738502
2019-12-19 14:50:00,155.6050,155.7375,-0.08515150541436434
2019-12-19 14:55:00,155.7300,155.6216,0.06960765427341485
2019-12-19 15:00:00,155.6200,155.6300,-0.006425909266155318
2019-12-19 15:05:00,155.6361,155.7100,-0.047482557067421355
2019-12-19 15:10:00,155.7050,155.5621,0.0917761150894485
2019-12-19 15:15:00,155.5650,155.5599,0.003278372384533007
2019-12-19 15:20:00,155.5500,155.4899,0.03863709418193866
2019-12-19 15:25:00,155.4850,155.5750,-0.05788339711224554
2019-12-19 15:30:00,155.5700,155.6424,-0.04653853570740889
2019-12-19 15:35:00,155.6450,155.5900,0.035336824183241876
2019-12-19 15:40:00,155.5900,155.4744,0.07429783405103194
2019-12-19 15:45:00,155.4700,155.5300,-0.03859265453142232
2019-12-19 15:50:00,155.5300,155.5700,-0.025718510898213875
2019-12-19 15:55:00,155.5441,155.6841,-0.09000662834528264
2019-12-19 16:00:00,155.6700,155.7100,-0.02569538125523252
2019-12-20 09:35:00,157.3557,156.8256,0.33688007488766175
2019-12-20 09:40:00,156.7900,156.3400,0.2870081000063707
2019-12-20 09:45:00,156.5200,156.4000,0.07666751852798655
2019-12-20 09:50:00,156.3600,156.5050,-0.09273471476079675
2019-12-20 09:55:00,156.5000,156.4600,0.02555910543130482
2019-12-20 10:00:00,156.4400,156.4300,0.0063922270518990704
2019-12-20 10:05:00,156.4300,156.7300,-0.19177907051076068
2019-12-20 10:10:00,156.7250,156.7783,-0.03400861381401004
2019-12-20 10:15:00,156.7800,156.8182,-0.024365352723554747
2019-12-20 10:20:00,156.8193,156.8550,-0.022765055066558394
2019-12-20 10:25:00,156.8500,157.1065,-0.16353203697801522
2019-12-20 10:30:00,157.1050,157.0100,0.06046911301358891
2019-12-20 10:35:00,157.0100,156.9500,0.03821412648876013
2019-12-20 10:40:00,156.9400,156.8700,0.04460303300624008
2019-12-20 10:45:00,156.8750,156.9500,-0.0478087649402318
2019-12-20 10:50:00,156.9500,156.9300,0.012742911755324505
2019-12-20 10:55:00,156.9250,156.7100,0.1370081249004323
2019-12-20 11:00:00,156.7200,156.7800,-0.03828483920367679
2019-12-20 11:05:00,156.7800,156.8300,-0.03189182293660631
2019-12-20 11:10:00,156.8300,157.0150,-0.11796212459349223
2019-12-20 11:15:00,157.0150,157.0700,-0.035028500461743675
2019-12-20 11:20:00,157.0700,156.9800,0.05729929330871804
2019-12-20 11:25:00,156.9750,156.9350,0.025481764612194327
2019-12-20 11:30:00,156.9362,156.8834,0.03364424524107188
2019-12-20 11:35:00,156.8900,157.0650,-0.11154311938301445
2019-12-20 11:40:00,157.0500,157.1300,-0.05093919134032734
2019-12-20 11:45:00,157.1300,157.1499,-0.012664672564123281
2019-12-20 11:50:00,157.1400,157.2135,-0.04677357770142809
2019-12-20 11:55:00,157.2100,157.1704,0.025189237325874424
2019-12-20 12:00:00,157.1800,157.1300,0.03181066293422278
2019-12-20 12:05:00,157.0700,157.1700,-0.06366588145412512
2019-12-20 12:10:00,157.1685,157.1100,0.037221198904348454
2019-12-20 12:15:00,157.1120,157.0800,0.02036763582666013
2019-12-20 12:20:00,157.0768,157.0250,0.03297749890498525
2019-12-20 12:25:00,157.0250,157.0875,-0.03980257920713262
2019-12-20 12:30:00,157.0844,157.1490,-0.041124389181874756
2019-12-20 12:35:00,157.1469,157.2850,-0.08787955728048633
2019-12-20 12:40:00,157.2846,157.3652,-0.05124468638377538
2019-12-20 12:45:00,157.3650,157.3882,-0.014742795411942154
2019-12-20 12:50:00,157.3853,157.2000,0.11773653575016996
2019-12-20 12:55:00,157.2000,157.0800,0.07633587786258024
2019-12-20 13:00:00,157.0800,157.1800,-0.0636618283677071
2019-12-20 13:05:00,157.1701,157.1550,0.009607425330892885
2019-12-20 13:10:00,157.1500,157.1500,0.0
2019-12-20 13:15:00,157.1580,157.1650,-0.004454116239710993
2019-12-20 13:20:00,157.1750,157.1200,0.03499284237315528
2019-12-20 13:25:00,157.1200,157.1130,0.004455193482691575
2019-12-20 13:30:00,157.1145,157.0350,0.05060004009814238
2019-12-20 13:35:00,157.0400,157.1100,-0.04457463066735966
2019-12-20 13:40:00,157.1100,157.1800,-0.044554770542927356
2019-12-20 13:45:00,157.1759,157.1500,0.016478353233547342
2019-12-20 13:50:00,157.1400,157.1328,0.004581901489107306
2019-12-20 13:55:00,157.1350,157.1050,0.019091863684094018
2019-12-20 14:00:00,157.1000,157.1415,-0.026416295353286705
2019-12-20 14:05:00,157.1450,157.0556,0.05689013331637144
2019-12-20 14:10:00,157.0500,157.1000,-0.031836994587700056
2019-12-20 14:15:00,157.1000,157.1000,0.0
2019-12-20 14:20:00,157.1000,157.1000,0.0
2019-12-20 14:25:00,157.0950,157.1056,-0.006747509468799658
2019-12-20 14:30:00,157.1100,157.1500,-0.02545986888167019
2019-12-20 14:35:00,157.1450,157.1402,0.003054503802231846
2019-12-20 14:40:00,157.1499,157.2258,-0.04829783537882626
2019-12-20 14:45:00,157.2300,157.3000,-0.04452076575718476
2019-12-20 14:50:00,157.3050,157.3800,-0.047678077619903135
2019-12-20 14:55:00,157.3700,157.3733,-0.0020969689267305467
2019-12-20 15:00:00,157.3800,157.3500,0.019062142584827257
2019-12-20 15:05:00,157.3500,157.2300,0.07626310772164255
2019-12-20 15:10:00,157.2300,157.1600,0.04452076575716669
2019-12-20 15:15:00,157.1500,157.1500,0.0
2019-12-20 15:20:00,157.1500,157.1600,-0.006363347120579641
2019-12-20 15:25:00,157.1600,157.1700,-0.006362942224478815
2019-12-20 15:30:00,157.1600,157.1600,0.0
2019-12-20 15:35:00,157.1600,157.1250,0.022270297785693935
2019-12-20 15:40:00,157.1250,157.1750,-0.031821797931590366
2019-12-20 15:45:00,157.1755,157.1250,0.032129689423605806
2019-12-20 15:50:00,157.1200,157.1500,-0.01909368635437954
2019-12-20 15:55:00,157.1500,157.3600,-0.13363028953229905
2019-12-20 16:00:00,157.3500,157.4000,-0.031776294884023754
2019-12-23 09:35:00,157.7666,157.7566,0.006338477218891278
2019-12-23 09:40:00,157.7600,157.7100,0.03169371196753483
2019-12-23 09:45:00,157.7300,157.7063,0.01502567678944459
2019-12-23 09:50:00,157.6900,157.7226,-0.020673473270341927
2019-12-23 09:55:00,157.7500,157.7000,0.03169572107766172
2019-12-23 10:00:00,157.7000,157.6600,0.025364616360172506
2019-12-23 10:05:00,157.6700,157.6400,0.019027081879876413
2019-12-23 10:10:00,157.6469,157.3795,0.169619573870454
2019-12-23 10:15:00,157.3700,157.4900,-0.07625341551757293
2019-12-23 10:20:00,157.4950,157.4600,0.02222292771198869
2019-12-23 10:25:00,157.4650,157.4150,0.03175308798781404
2019-12-23 10:30:00,157.4150,157.3200,0.06035003017501437
2019-12-23 10:35:00,157.3200,157.4100,-0.05720823798627219
2019-12-23 10:40:00,157.4100,157.4800,-0.04446985579060617
2019-12-23 10:45:00,157.4800,157.6800,-0.12700025400051884
2019-12-23 10:50:00,157.6800,157.6550,0.015854895991885897
2019-12-23 10:55:00,157.6500,157.7250,-0.047573739295901446
2019-12-23 11:00:00,157.7300,157.8000,-0.044379636086997784
2019-12-23 11:05:00,157.7920,157.6150,0.11217298722368213
2019-12-23 11:10:00,157.6167,157.6132,0.002220576880497118
2019-12-23 11:15:00,157.6199,157.5550,0.04117500391764898
2019-12-23 11:20:00,157.5599,157.4950,0.04119068367014349
2019-12-23 11:25:00,157.4950,157.5128,-0.011301946093522997
2019-12-23 11:30:00,157.5150,157.4800,0.022220106021646566
2019-12-23 11:35:00,157.4800,157.5450,-0.041275082550163655
2019-12-23 11:40:00,157.5400,157.5900,-0.031737971308881154
2019-12-23 11:45:00,157.5900,157.5700,0.01269116060664397
2019-12-23 11:50:00,157.5900,157.5901,-6.34558030352939e-05
2019-12-23 11:55:00,157.5932,157.5850,0.005203270191853453
2019-12-23 12:00:00,157.5900,157.6500,-0.03807348181991387
2019-12-23 12:05:00,157.6600,157.5608,0.06292020804262094
2019-12-23 12:10:00,157.5674,157.6000,-0.020689558880835873
2019-12-23 12:15:00,157.6000,157.6300,-0.01903553299492458
2019-12-23 12:20:00,157.6300,157.6408,-0.006851487660989319
2019-12-23 12:25:00,157.6400,157.5800,0.038061405734568544
2019-12-23 12:30:00,157.5750,157.5500,0.015865460891624474
2019-12-23 12:35:00,157.5450,157.5300,0.009521089212597263
2019-12-23 12:40:00,157.5300,157.5350,-0.0031739986034377277
2019-12-23 12:45:00,157.5363,157.5300,0.003999078307672699
2019-12-23 12:50:00,157.5300,157.5200,0.006347997206875455
2019-12-23 12:55:00,157.5150,157.5150,0.0
2019-12-23 13:00:00,157.5200,157.5100,0.006348400203161075
2019-12-23 13:05:00,157.5000,157.4900,0.006349206349200574
2019-12-23 13:10:00,157.4950,157.5069,-0.0075557954220750725
2019-12-23 13:15:00,157.5022,157.5342,-0.020317176521985527
2019-12-23 13:20:00,157.5370,157.5800,-0.027295175101726174
2019-12-23 13:25:00,157.5800,157.5730,0.00444218809493908
2019-12-23 13:30:00,157.5748,157.5246,0.03185788590562577
2019-12-23 13:35:00,157.5251,157.5350,-0.00628471272196468
2019-12-23 13:40:00,157.5330,157.5199,0.00831571797653833
2019-12-23 13:45:00,157.5100,157.5100,0.0
2019-12-23 13:50:00,157.5000,157.5100,-0.006349206349200574
2019-12-23 13:55:00,157.5100,157.5120,-0.0012697606501235158
2019-12-23 14:00:00,157.5101,157.5250,-0.009459710837598008
2019-12-23 14:05:00,157.5250,157.5800,-0.034915092842410296
2019-12-23 14:10:00,157.5768,157.5853,-0.005394195084554296
2019-12-23 14:15:00,157.5850,157.6001,-0.009582130278890552
2019-12-23 14:20:00,157.6000,157.6000,0.0
2019-12-23 14:25:00,157.6050,157.6294,-0.015481742330518824
2019-12-23 14:30:00,157.6300,157.6350,-0.003171985028227782
2019-12-23 14:35:00,157.6300,157.6187,0.007168686163804883
2019-12-23 14:40:00,157.6200,157.6450,-0.015860931353892705
2019-12-23 14:45:00,157.6401,157.6000,0.025437690029374103
2019-12-23 14:50:00,157.6050,157.5100,0.060277275467148166
2019-12-23 14:55:00,157.5100,157.4799,0.019109897784270496
2019-12-23 15:00:00,157.4800,157.4900,-0.006350012700037672
2019-12-23 15:05:00,157.5000,157.4300,0.044444444444440116
2019-12-23 15:10:00,157.4400,157.4200,0.012703252032526823
2019-12-23 15:15:00,157.4200,157.4050,0.009528649472739398
2019-12-23 15:20:00,157.4000,157.3700,0.019059720457434013
2019-12-23 15:25:00,157.3700,157.3975,-0.01747474105611197
2019-12-23 15:30:00,157.4000,157.4200,-0.012706480304943969
2019-12-23 15:35:00,157.4130,157.4633,-0.03195415880517677
2019-12-23 15:40:00,157.4646,157.4300,0.021973192704889424
2019-12-23 15:45:00,157.4300,157.4400,-0.006352029473410978
2019-12-23 15:50:00,157.4384,157.3100,0.08155570686693918
2019-12-23 15:55:00,157.3100,157.3700,-0.03814124976161863
2019-12-23 16:00:00,157.3800,157.4100,-0.019062142584827257
2019-12-24 09:35:00,157.4800,157.5000,-0.012700025400057298
2019-12-24 09:40:00,157.5350,157.4700,0.041260672231566146
2019-12-24 09:45:00,157.4900,157.1950,0.1873134802209765
2019-12-24 09:50:00,157.2190,157.1900,0.01844560771916649
2019-12-24 09:55:00,157.1800,157.2000,-0.012724265173674646
2019-12-24 10:00:00,157.2000,157.3100,-0.06997455470738781
2019-12-24 10:05:00,157.2900,157.3900,-0.06357683260219615
2019-12-24 10:10:00,157.3819,157.4250,-0.027385614228834246
2019-12-24 10:15:00,157.4200,157.3199,0.06358785414813724
2019-12-24 10:20:00,157.3150,157.3439,-0.018370784731267232
2019-12-24 10:25:00,157.3500,157.4300,-0.05084207181443439
2019-12-24 10:30:00,157.4300,157.4300,0.0
2019-12-24 10:35:00,157.4300,157.4500,-0.012704058946821957
2019-12-24 10:40:00,157.4450,157.4350,0.006351424306895047
2019-12-24 10:45:00,157.4300,157.4500,-0.012704058946821957
2019-12-24 10:50:00,157.4500,157.4074,0.02705620832009723
2019-12-24 10:55:00,157.4100,157.5000,-0.05717552887364425
2019-12-24 11:00:00,157.5000,157.5900,-0.057142857142859306
2019-12-24 11:05:00,157.5919,157.6150,-0.014658113773613653
2019-12-24 11:10:00,157.6150,157.6709,-0.03546616756018136
2019-12-24 11:15:00,157.6715,157.6700,0.0009513450433473222
2019-12-24 11:20:00,157.6601,157.6000,0.03811998089561379
2019-12-24 11:25:00,157.6002,157.6000,0.0001269033922587911
2019-12-24 11:30:00,157.5950,157.5234,0.045432913480750944
2019-12-24 11:35:00,157.5400,157.5354,0.002919893360405087
2019-12-24 11:40:00,157.5380,157.5300,0.0050781398773691285
2019-12-24 11:45:00,157.5200,157.5900,-0.044438801422037315
2019-12-24 11:50:00,157.5900,157.5850,0.0031727901516564834
2019-12-24 11:55:00,157.5813,157.5900,-0.005520959657018056
2019-12-24 12:00:00,157.5850,157.5000,0.05393914395406159
2019-12-24 12:05:00,157.5051,157.5000,0.003237990388881866
2019-12-24 12:10:00,157.5000,157.4200,0.05079365079365874
2019-12-24 12:15:00,157.4200,157.4150,0.0031762164909131326
2019-12-24 12:20:00,157.4150,157.4097,0.0033668964202937532
2019-12-24 12:25:00,157.4050,157.4100,-0.0031765191702903036
2019-12-24 12:30:00,157.4100,157.3750,0.022234927895303087
2019-12-24 12:35:00,157.3800,157.4100,-0.019062142584827257
2019-12-24 12:40:00,157.4153,157.3703,0.028586801918248046
2019-12-24 12:45:00,157.3700,157.3500,0.012708902586268177
2019-12-24 12:50:00,157.3600,157.4000,-0.025419420437208975
2019-12-24 12:55:00,157.4000,157.3000,0.06353240152477402
2019-12-24 13:00:00,157.3000,157.3800,-0.05085823267640437
2019-12-24 13:05:00,157.3900,157.5500,-0.10165830103565983
2019-12-26 09:35:00,157.5600,157.5600,0.0
2019-12-26 09:40:00,157.6200,157.6900,-0.044410607790885154
2019-12-26 09:45:00,157.7000,157.7512,-0.032466708941041714
2019-12-26 09:50:00,157.8145,157.8600,-0.028831317781321798
2019-12-26 09:55:00,157.8600,157.8150,0.028506271379713614
2019-12-26 10:00:00,157.8000,157.7700,0.019011406844107185
2019-12-26 10:05:00,157.7700,157.9200,-0.09507510933636132
2019-12-26 10:10:00,157.9204,157.9300,-0.006079011957926935
2019-12-26 10:15:00,157.9359,157.8700,0.0417257887535381
2019-12-26 10:20:00,157.8629,157.8800,-0.0108321841293928
2019-12-26 10:25:00,157.8700,157.9700,-0.06334325711027701
2019-12-26 10:30:00,157.9700,157.8800,0.056972842944865106
2019-12-26 10:35:00,157.8800,157.9300,-0.03166962249810702
2019-12-26 10:40:00,157.9300,157.8855,0.028177040460963282
2019-12-26 10:45:00,157.8750,157.8947,-0.01247822644497246
2019-12-26 10:50:00,157.8935,157.9789,-0.05408709034888785
2019-12-26 10:55:00,157.9750,158.1050,-0.08229150181990534
2019-12-26 11:00:00,158.1000,158.0900,0.0063251106894313125
2019-12-26 11:05:00,158.0930,158.1700,-0.048705508782803913
2019-12-26 11:10:00,158.1650,158.2100,-0.028451300856710347
2019-12-26 11:15:00,158.2200,158.2500,-0.018960940462647666
2019-12-26 11:20:00,158.2500,158.1500,0.063191153238543
2019-12-26 11:25:00,158.1500,158.1500,0.0
2019-12-26 11:30:00,158.1500,158.1200,0.01896933291179332
2019-12-26 11:35:00,158.1200,158.0800,0.025297242600551505
2019-12-26 11:40:00,158.0800,158.0500,0.018977732793522984
2019-12-26 11:45:00,158.0599,158.1300,-0.04435027480088023
2019-12-26 11:50:00,158.1250,158.0750,0.03162055335969098
2019-12-26 11:55:00,158.0800,158.1569,-0.048646255060725486
2019-12-26 12:00:00,158.1600,158.2600,-0.06322711178553003
2019-12-26 12:05:00,158.2650,158.2641,0.0005686664770941355
2019-12-26 12:10:00,158.2700,158.3741,-0.06577367789220213
2019-12-26 12:15:00,158.3800,158.1120,0.16921328450561982
2019-12-26 12:20:00,158.1150,158.0850,0.01897353192296818
2019-12-26 12:25:00,158.0850,158.1270,-0.026567985577380264
2019-12-26 12:30:00,158.1250,158.1950,-0.044268774703553
2019-12-26 12:35:00,158.1900,158.1600,0.018964536317087766
2019-12-26 12:40:00,158.1600,158.1100,0.03161355589275604
2019-12-26 12:45:00,158.1150,158.1201,-0.0032255004269036913
2019-12-26 12:50:00,158.1300,158.0927,0.02358818693479269
2019-12-26 12:55:00,158.0900,158.1150,-0.015813776962493316
2019-12-26 13:00:00,158.1200,158.1500,-0.01897293195041812
2019-12-26 13:05:00,158.1500,158.2000,-0.03161555485297689
2019-12-26 13:10:00,158.2050,158.1900,0.009481369109708782
2019-12-26 13:15:00,158.1938,158.2550,-0.03868672476417234
2019-12-26 13:20:00,158.2550,158.3100,-0.03475403620739113
2019-12-26 13:25:00,158.3100,158.2200,0.0568504832291096
2019-12-26 13:30:00,158.2200,158.2500,-0.018960940462647666
2019-12-26 13:35:00,158.2500,158.2499,6.319115324064433e-05
2019-12-26 13:40:00,158.2400,158.2973,-0.036210819009098776
2019-12-26 13:45:00,158.3000,158.3150,-0.009475679090326188
2019-12-26 13:50:00,158.3166,158.3334,-0.010611647799420712
2019-12-26 13:55:00,158.3300,158.3300,0.0
2019-12-26 14:00:00,158.3300,158.3700,-0.025263689761884697
2019-12-26 14:05:00,158.3650,158.3500,0.009471789852565136
2019-12-26 14:10:00,158.3500,158.3750,-0.015787811809286824
2019-12-26 14:15:00,158.3800,158.3900,-0.00631392852632334
2019-12-26 14:20:00,158.3900,158.3701,0.01256392449016888
2019-12-26 14:25:00,158.3750,158.3400,0.02209944751381
2019-12-26 14:30:00,158.3400,158.2791,0.038461538461540816
2019-12-26 14:35:00,158.2700,158.3250,-0.0347507424022104
2019-12-26 14:40:00,158.3300,158.3500,-0.012631844880933371
2019-12-26 14:45:00,158.3500,158.3330,0.010735712030310015
2019-12-26 14:50:00,158.3350,158.3600,-0.015789307480977472
2019-12-26 14:55:00,158.3629,158.3737,-0.006819779127571838
2019-12-26 15:00:00,158.3800,158.3700,0.00631392852632334
2019-12-26 15:05:00,158.3762,158.3500,0.016542889651359922
2019-12-26 15:10:00,158.3500,158.4100,-0.0378907483422812
2019-12-26 15:15:00,158.4200,158.3100,0.0694356773134612
2019-12-26 15:20:00,158.3200,158.3400,-0.012632642748869525
2019-12-26 15:25:00,158.3400,158.3400,0.0
2019-12-26 15:30:00,158.3330,158.2600,0.04610536022181574
2019-12-26 15:35:00,158.2650,158.2917,-0.016870438820968173
2019-12-26 15:40:00,158.2962,158.3500,-0.033986918195127495
2019-12-26 15:45:00,158.3400,158.3700,-0.01894657067070932
2019-12-26 15:50:00,158.3800,158.3100,0.04419749968429927
2019-12-26 15:55:00,158.2900,158.4600,-0.10739781413861642
2019-12-26 16:00:00,158.4500,158.6700,-0.1388450615336061
2019-12-27 09:35:00,159.4542,159.1742,0.1755990121301118
2019-12-27 09:40:00,159.1500,158.8692,0.17643732327992412
2019-12-27 09:45:00,158.9000,158.9675,-0.04247954688483037
2019-12-27 09:50:00,158.9900,158.7386,0.1581231523995333
2019-12-27 09:55:00,158.7350,158.7500,-0.009449711783781999
2019-12-27 10:00:00,158.7300,158.2500,0.302400302400296
2019-12-27 10:05:00,158.2400,158.3800,-0.08847320525782758
2019-12-27 10:10:00,158.3869,158.4000,-0.00827088603919172
2019-12-27 10:15:00,158.4100,158.8300,-0.2651347768449062
2019-12-27 10:20:00,158.8300,158.7100,0.07555247749166061
2019-12-27 10:25:00,158.7101,158.8855,-0.11051596590260873
2019-12-27 10:30:00,158.8850,158.7880,0.06105044529060641
2019-12-27 10:35:00,158.7900,158.7000,0.05667863215567946
2019-12-27 10:40:00,158.7100,158.6600,0.03150400100813519
2019-12-27 10:45:00,158.6700,158.6500,0.01260477721055134
2019-12-27 10:50:00,158.6500,158.7013,-0.0323353293413159
2019-12-27 10:55:00,158.7100,158.8500,-0.08821120282274988
2019-12-27 11:00:00,158.8500,158.7600,0.056657223796036146
2019-12-27 11:05:00,158.7600,158.7965,-0.02299067775259383
2019-12-27 11:10:00,158.7950,158.7550,0.025189710003458578
2019-12-27 11:15:00,158.7550,158.7700,-0.009448521306424856
2019-12-27 11:20:00,158.7600,158.8000,-0.02519526329051428
2019-12-27 11:25:00,158.8100,158.8276,-0.011082425539945472
2019-12-27 11:30:00,158.8250,158.8927,-0.042625531245082386
2019-12-27 11:35:00,158.9000,158.9672,-0.04229074889866928
2019-12-27 11:40:00,158.9600,158.9399,0.012644690488181651
2019-12-27 11:45:00,158.9300,158.9650,-0.02202227395708588
2019-12-27 11:50:00,158.9600,158.9300,0.018872672370408364
2019-12-27 11:55:00,158.9300,158.8600,0.04404454791417176
2019-12-27 12:00:00,158.8500,158.6200,0.14479068303430268
2019-12-27 12:05:00,158.6300,158.6600,-0.018911933429995042
2019-12-27 12:10:00,158.6670,158.6962,-0.018403322682097097
2019-12-27 12:15:00,158.6990,158.7400,-0.025835071424518623
2019-12-27 12:20:00,158.7500,158.8425,-0.058267716535433785
2019-12-27 12:25:00,158.8450,158.6400,0.12905662752998995
2019-12-27 12:30:00,158.6400,158.6650,-0.01575895108421942
2019-12-27 12:35:00,158.6700,158.5450,0.07877985756601753
2019-12-27 12:40:00,158.5448,158.5250,0.012488583668466953
2019-12-27 12:45:00,158.5200,158.5697,-0.03135251072419973
2019-12-27 12:50:00,158.5650,158.6965,-0.08293129000724524
2019-12-27 12:55:00,158.7000,158.6165,0.052614996849392935
2019-12-27 13:00:00,158.6200,158.6400,-0.012608750472816675
2019-12-27 13:05:00,158.6400,158.5950,0.02836611195158062
2019-12-27 13:10:00,158.6050,158.6500,-0.02837237161502848
2019-12-27 13:15:00,158.6400,158.6133,0.01683055975792792
2019-12-27 13:20:00,158.6150,158.5396,0.0475364877218434
2019-12-27 13:25:00,158.5377,158.6700,-0.08345018251178524
2019-12-27 13:30:00,158.6700,158.7200,-0.03151194302641418
2019-12-27 13:35:00,158.7200,158.8050,-0.05355342741935985
2019-12-27 13:40:00,158.7950,158.7900,0.0031487137504300844
2019-12-27 13:45:00,158.7950,158.7400,0.03463585125474883
2019-12-27 13:50:00,158.7450,158.7732,-0.017764339034299175
2019-12-27 13:55:00,158.7800,158.8097,-0.018705126590245105
2019-12-27 14:00:00,158.8100,158.7600,0.03148416346578387
2019-12-27 14:05:00,158.7600,158.8350,-0.04724111866970084
2019-12-27 14:10:00,158.8400,158.8055,0.021719969780916903
2019-12-27 14:15:00,158.8000,158.8600,-0.037783375314862894
2019-12-27 14:20:00,158.8600,158.8500,0.00629485081204792
2019-12-27 14:25:00,158.8550,158.8706,-0.009820276352652594
2019-12-27 14:30:00,158.8800,158.9000,-0.012588116817730508
2019-12-27 14:35:00,158.9100,158.9300,-0.012585740356182892
2019-12-27 14:40:00,158.9272,158.9051,0.013905737973106354
2019-12-27 14:45:00,158.9051,158.9250,-0.012523197808004217
2019-12-27 14:50:00,158.9300,158.9400,-0.006292078273447999
2019-12-27 14:55:00,158.9400,158.9500,-0.006291682395866934
2019-12-27 15:00:00,158.9500,158.9800,-0.01887385970431025
2019-12-27 15:05:00,158.9850,158.9500,0.022014655470657615
2019-12-27 15:10:00,158.9500,158.9300,0.012582573136194913
2019-12-27 15:15:00,158.9300,158.9800,-0.03146039136725788
2019-12-27 15:20:00,158.9800,159.0750,-0.059755944143916766
2019-12-27 15:25:00,159.0738,159.0100,0.04010717038256126
2019-12-27 15:30:00,159.0001,158.9800,0.012641501483340924
2019-12-27 15:35:00,158.9800,158.9550,0.01572524845891135
2019-12-27 15:40:00,158.9501,158.8800,0.04410189109663756
2019-12-27 15:45:00,158.8850,158.6550,0.14475878780249224
2019-12-27 15:50:00,158.6600,158.5300,0.081936215807384
2019-12-27 15:55:00,158.5300,158.7500,-0.13877499526903356
2019-12-27 16:00:00,158.7700,158.9500,-0.113371543742507
2019-12-30 09:35:00,158.9865,158.3600,0.3940586150396373
2019-12-30 09:40:00,158.3300,157.8577,0.2983010168635245
2019-12-30 09:45:00,157.8386,157.4100,0.2715432093290343
2019-12-30 09:50:00,157.4295,157.1000,0.20930003588907792
2019-12-30 09:55:00,157.0879,157.3900,-0.1923127115455715
2019-12-30 10:00:00,157.4500,157.1800,0.17148301047950576
2019-12-30 10:05:00,157.1700,156.9661,0.12973213717629065
2019-12-30 10:10:00,156.9700,157.2200,-0.15926610180289227
2019-12-30 10:15:00,157.2180,157.0100,0.1323003727308568
2019-12-30 10:20:00,156.9241,156.9441,-0.012745014946704688
2019-12-30 10:25:00,156.9400,157.0800,-0.08920606601249827
2019-12-30 10:30:00,157.0831,157.1131,-0.01909817160471186
2019-12-30 10:35:00,157.1100,157.1000,0.006364967220431116
2019-12-30 10:40:00,157.0900,157.4700,-0.24189954802978894
2019-12-30 10:45:00,157.4600,157.4687,-0.005525212752447982
2019-12-30 10:50:00,157.4600,157.4650,-0.0031754096278391038
2019-12-30 10:55:00,157.4600,157.5500,-0.05715737330115802
2019-12-30 11:00:00,157.5800,157.6100,-0.01903794897829746
2019-12-30 11:05:00,157.6200,157.3500,0.17129805862200878
2019-12-30 11:10:00,157.3600,157.3700,-0.0063548551092977275
2019-12-30 11:15:00,157.3700,157.5800,-0.13344347715575267
2019-12-30 11:20:00,157.5854,157.7100,-0.07906823855510418
2019-12-30 11:25:00,157.7100,157.8600,-0.09511128019783506
2019-12-30 11:30:00,157.8600,157.7710,0.05637907006209746
2019-12-30 11:35:00,157.7500,157.7069,0.027321711568944335
2019-12-30 11:40:00,157.7100,157.8300,-0.07608902415826804
2019-12-30 11:45:00,157.8400,157.8100,0.01900658895083701
2019-12-30 11:50:00,157.7900,157.8492,-0.03751822041954759
2019-12-30 11:55:00,157.8500,157.8700,-0.012670256572702081
2019-12-30 12:00:00,157.8700,157.7400,0.0823462342433619
2019-12-30 12:05:00,157.7472,157.6464,0.06389970788704488
2019-12-30 12:10:00,157.6500,157.7350,-0.05391690453536819
2019-12-30 12:15:00,157.7400,157.7650,-0.01584886522123574
2019-12-30 12:20:00,157.7650,157.6950,0.044369790511199055
2019-12-30 12:25:00,157.7000,157.7292,-0.018516169942931517
2019-12-30 12:30:00,157.7350,157.8550,-0.07607696452910014
2019-12-30 12:35:00,157.8600,157.8821,-0.013999746610917697
2019-12-30 12:40:00,157.8850,157.9858,-0.06384393704279753
2019-12-30 12:45:00,157.9850,158.0250,-0.025318859385379647
2019-12-30 12:50:00,158.0300,158.0200,0.006327912421686329
2019-12-30 12:55:00,158.0200,158.0720,-0.032907226933294835
2019-12-30 13:00:00,158.0800,158.0200,0.03795546558704597
2019-12-30 13:05:00,158.0100,157.9000,0.06961584709827558
2019-12-30 13:10:00,157.9000,157.9700,-0.044331855604808845
2019-12-30 13:15:00,157.9700,158.0650,-0.060138000886243506
2019-12-30 13:20:00,158.0700,158.0099,0.038021129879171
2019-12-30 13:25:00,158.0000,158.0300,-0.01898734177215262
2019-12-30 13:30:00,158.0300,157.9100,0.07593494906030789
2019-12-30 13:35:00,157.9101,157.9350,-0.015768465728286135
2019-12-30 13:40:00,157.9400,158.0050,-0.04115486893756979
2019-12-30 13:45:00,158.0000,157.9752,0.015696202531644964
2019-12-30 13:50:00,157.9800,157.9651,0.009431573616902797
2019-12-30 13:55:00,157.9600,158.0200,-0.037984299822741374
2019-12-30 14:00:00,158.0300,158.0600,-0.01898373726507697
2019-12-30 14:05:00,158.0700,157.9350,0.08540520022774145
2019-12-30 14:10:00,157.9400,157.9650,-0.015828795745223303
2019-12-30 14:15:00,157.9699,157.9700,-6.330319890265148e-05
2019-12-30 14:20:00,157.9800,158.0500,-0.044309406253969875
2019-12-30 14:25:00,158.0500,157.9600,0.05694400506169149
2019-12-30 14:30:00,157.9700,158.0672,-0.06153067038046151
2019-12-30 14:35:00,158.0600,157.9200,0.08857395925598809
2019-12-30 14:40:00,157.9200,157.8000,0.07598784194527364
2019-12-30 14:45:00,157.8048,157.8900,-0.05399075313297579
2019-12-30 14:50:00,157.8900,157.8670,0.014567103679774613
2019-12-30 14:55:00,157.8650,157.8450,0.012669052671592964
2019-12-30 15:00:00,157.8400,157.9200,-0.050684237202220025
2019-12-30 15:05:00,157.9120,157.9600,-0.030396676630022934
2019-12-30 15:10:00,157.9600,157.9100,0.03165358318562381
2019-12-30 15:15:00,157.9100,157.9000,0.0063327211702811125
2019-12-30 15:20:00,157.9000,157.9100,-0.006333122229253264
2019-12-30 15:25:00,157.9000,157.9100,-0.006333122229253264
2019-12-30 15:30:00,157.9150,157.9050,0.006332520659842893
2019-12-30 15:35:00,157.9050,157.7599,0.0918906937715801
2019-12-30 15:40:00,157.7600,157.8200,-0.038032454361056206
2019-12-30 15:45:00,157.8154,157.8200,-0.002914797922117977
2019-12-30 15:50:00,157.8150,157.7500,0.041187466337165496
2019-12-30 15:55:00,157.6500,157.6400,0.006343165239466747
2019-12-30 16:00:00,157.6400,157.6800,-0.025374270489736405
2019-12-31 09:35:00,156.7751,157.0951,-0.20411404617186857
2019-12-31 09:40:00,157.3400,157.4600,-0.07626795474768307
2019-12-31 09:45:00,157.4800,157.3300,0.09525019050036657
2019-12-31 09:50:00,157.3800,157.4600,-0.050832380226212046
2019-12-31 09:55:00,157.4400,157.1350,0.1937245934959393
2019-12-31 10:00:00,157.1200,157.2500,-0.08273930753563866
2019-12-31 10:05:00,157.2500,157.0800,0.10810810810810015
2019-12-31 10:10:00,157.0800,157.0050,0.0477463712757939
2019-12-31 10:15:00,156.9980,156.9900,0.005095606313444347
2019-12-31 10:20:00,156.9900,157.1300,-0.0891776546276746
2019-12-31 10:25:00,157.1250,157.0350,0.057279236276851817
2019-12-31 10:30:00,157.0350,156.8800,0.09870411054860453
2019-12-31 10:35:00,156.8850,156.9200,-0.022309334863114122
2019-12-31 10:40:00,156.9252,156.9150,0.006499912060011741
2019-12-31 10:45:00,156.9100,156.8400,0.0446115607673145
2019-12-31 10:50:00,156.8400,156.7900,0.031879622545276314
2019-12-31 10:55:00,156.7900,156.9081,-0.07532368135722835
2019-12-31 11:00:00,156.9000,156.8500,0.03186743148502955
2019-12-31 11:05:00,156.8500,156.9500,-0.06375518010838019
2019-12-31 11:10:00,156.9631,156.9531,0.006370924121650824
2019-12-31 11:15:00,156.9300,156.8600,0.04460587523099036
2019-12-31 11:20:00,156.8400,156.8900,-0.03187962254525819
2019-12-31 11:25:00,156.8950,156.8032,0.05851046878486013
2019-12-31 11:30:00,156.8064,156.5779,0.14572109301660954
2019-12-31 11:35:00,156.5750,156.5400,0.022353504710200603
2019-12-31 11:40:00,156.5400,156.6750,-0.08623993867383373
2019-12-31 11:45:00,156.6800,156.8300,-0.0957365330610197
2019-12-31 11:50:00,156.8300,156.9000,-0.04463431741375577
2019-12-31 11:55:00,156.9000,156.9100,-0.006373486296998665
2019-12-31 12:00:00,156.9100,156.8800,0.01911924032885166
2019-12-31 12:05:00,156.8900,156.9400,-0.03186946268086645
2019-12-31 12:10:00,156.9350,156.8996,0.022557109631382334
2019-12-31 12:15:00,156.8950,156.7500,0.09241849644667467
2019-12-31 12:20:00,156.7400,156.7000,0.0255199693760498
2019-12-31 12:25:00,156.6903,156.7923,-0.06509656309293163
2019-12-31 12:30:00,156.7850,156.8600,-0.04783620882100778
2019-12-31 12:35:00,156.8650,156.9113,-0.029515825710006834
2019-12-31 12:40:00,156.9170,156.8800,0.023579344494226974
2019-12-31 12:45:00,156.8900,156.9276,-0.02396583593602273
2019-12-31 12:50:00,156.9250,156.8962,0.0183527162657436
2019-12-31 12:55:00,156.8900,156.8993,-0.005927720058655435
2019-12-31 13:00:00,156.9000,156.9000,0.0
2019-12-31 13:05:00,156.9050,156.9259,-0.01332016188140065
2019-12-31 13:10:00,156.9250,156.9000,0.015931177314007127
2019-12-31 13:15:00,156.9072,156.9000,0.004588699562533281
2019-12-31 13:20:00,156.9000,156.8500,0.03186743148502955
2019-12-31 13:25:00,156.8500,156.8750,-0.015938795027099578
2019-12-31 13:30:00,156.8900,156.8769,0.008349799222372445
2019-12-31 13:35:00,156.8800,156.9050,-0.015935747067826165
2019-12-31 13:40:00,156.9000,156.9300,-0.01912045889101411
2019-12-31 13:45:00,156.9353,156.9700,-0.022111022822772587
2019-12-31 13:50:00,156.9700,157.0094,-0.025100337644136172
2019-12-31 13:55:00,157.0000,156.9620,0.024203821656057906
2019-12-31 14:00:00,156.9700,156.9926,-0.014397655602988647
2019-12-31 14:05:00,156.9950,156.9600,0.022293703621132258
2019-12-31 14:10:00,156.9650,156.9500,0.00955627050617321
2019-12-31 14:15:00,156.9600,156.8950,0.04141182466870395
2019-12-31 14:20:00,156.9050,156.8750,0.01911984959051728
2019-12-31 14:25:00,156.8700,156.9825,-0.07171543316120542
2019-12-31 14:30:00,156.9850,157.0900,-0.06688537121380371
2019-12-31 14:35:00,157.0950,157.1350,-0.025462299882231795
2019-12-31 14:40:00,157.1350,157.1500,-0.009545931842056054
2019-12-31 14:45:00,157.1550,157.2699,-0.07311253221342354
2019-12-31 14:50:00,157.2700,157.2700,0.0
2019-12-31 14:55:00,157.2600,157.2200,0.025435584382546134
2019-12-31 15:00:00,157.2200,157.2900,-0.0445235975066742
2019-12-31 15:05:00,157.2800,157.3000,-0.012716174974574154
2019-12-31 15:10:00,157.3000,157.2400,0.03814367450731231
2019-12-31 15:15:00,157.2350,157.3650,-0.08267879288962092
2019-12-31 15:20:00,157.3639,157.3150,0.031074471336820755
2019-12-31 15:25:00,157.3200,157.1900,0.08263412153572049
2019-12-31 15:30:00,157.2000,157.2550,-0.034987277353693905
2019-12-31 15:35:00,157.2650,157.3447,-0.05067879057641723
2019-12-31 15:40:00,157.3450,157.2900,0.034955035113925975
2019-12-31 15:45:00,157.2900,157.3539,-0.040625596032817124
2019-12-31 15:50:00,157.3550,157.3150,0.02542022814654256
2019-12-31 15:55:00,157.3100,157.6200,-0.1970631237683569
2019-12-31 16:00:00,157.6100,157.4900,0.07613730093268482
2020-01-02 09:35:00,158.7857,158.9157,-0.08187135239508057
2020-01-02 09:40:00,159.0300,159.3250,-0.18549959127207916
2020-01-02 09:45:00,159.4000,159.5095,-0.0686951066499354
2020-01-02 09:50:00,159.5350,159.3250,0.13163255711913247
2020-01-02 09:55:00,159.3400,159.1600,0.11296598468683745
2020-01-02 10:00:00,159.1800,159.5250,-0.21673577082547985
2020-01-02 10:05:00,159.5360,159.4659,0.043939925784773654
2020-01-02 10:10:00,159.4504,159.4400,0.00652240445932038
2020-01-02 10:15:00,159.4400,159.1300,0.1944305067737094
2020-01-02 10:20:00,159.1300,159.0900,0.02513668070130839
2020-01-02 10:25:00,159.0876,158.9576,0.08171598540677931
2020-01-02 10:30:00,158.9500,159.1000,-0.09436929852155124
2020-01-02 10:35:00,159.0950,159.1900,-0.059712750243564455
2020-01-02 10:40:00,159.1900,159.0900,0.06281801620704461
2020-01-02 10:45:00,159.0941,159.0813,0.00804555291490922
2020-01-02 10:50:00,159.0850,159.1400,-0.03457271270074388
2020-01-02 10:55:00,159.0500,159.1600,-0.06916064130775555
2020-01-02 11:00:00,159.1700,159.4700,-0.18847772821512307
2020-01-02 11:05:00,159.4700,159.5050,-0.021947701762084774
2020-01-02 11:10:00,159.6200,159.5601,0.037526625736122636
2020-01-02 11:15:00,159.5656,159.5800,-0.009024501521645821
2020-01-02 11:20:00,159.5500,159.3900,0.10028204324664682
2020-01-02 11:25:00,159.3900,159.5200,-0.0815609511261835
2020-01-02 11:30:00,159.5250,159.4850,0.025074439742982003
2020-01-02 11:35:00,159.4800,159.1900,0.18184098319538003
2020-01-02 11:40:00,159.2000,159.3300,-0.08165829145730144
2020-01-02 11:45:00,159.3300,159.3785,-0.03043996736332768
2020-01-02 11:50:00,159.3800,159.3400,0.025097251850917334
2020-01-02 11:55:00,159.3500,159.3750,-0.015688735487923242
2020-01-02 12:00:00,159.3800,159.3800,0.0
2020-01-02 12:05:00,159.3748,159.4250,-0.03149807874269835
2020-01-02 12:10:00,159.4284,159.4100,0.011541231047927446
2020-01-02 12:15:00,159.4200,159.4750,-0.03450006272739106
2020-01-02 12:20:00,159.4740,159.5900,-0.07273912988952047
2020-01-02 12:25:00,159.5900,159.5501,0.02500156651420336
2020-01-02 12:30:00,159.5500,159.5300,0.012535255405835307
2020-01-02 12:35:00,159.5200,159.5600,-0.0250752256770261
2020-01-02 12:40:00,159.5700,159.7200,-0.09400263207370163
2020-01-02 12:45:00,159.7100,159.7700,-0.03756809216705421
2020-01-02 12:50:00,159.7800,159.6700,0.06884466140944652
2020-01-02 12:55:00,159.6700,159.7150,-0.02818312770089304
2020-01-02 13:00:00,159.7164,159.6900,0.016529298181022934
2020-01-02 13:05:00,159.6964,159.6855,0.0068254512938430555
2020-01-02 13:10:00,159.6900,159.6200,0.04383493017721409
2020-01-02 13:15:00,159.6100,159.5500,0.03759162959714446
2020-01-02 13:20:00,159.5500,159.4899,0.03766844249451933
2020-01-02 13:25:00,159.4850,159.6350,-0.09405273223185708
2020-01-02 13:30:00,159.6300,159.6150,0.009396729937973036
2020-01-02 13:35:00,159.6150,159.5650,0.03132537668766179
2020-01-02 13:40:00,159.5548,159.5600,-0.003259068357706626
2020-01-02 13:45:00,159.5672,159.5652,0.0012533904210950304
2020-01-02 13:50:00,159.5700,159.6582,-0.055273547659334774
2020-01-02 13:55:00,159.6550,159.6600,-0.0031317528420628563
2020-01-02 14:00:00,159.6600,159.7500,-0.056369785794816114
2020-01-02 14:05:00,159.7450,159.8123,-0.042129644120309756
2020-01-02 14:10:00,159.8100,159.7356,0.046555284400223475
2020-01-02 14:15:00,159.7350,159.7650,-0.01878110620713852
2020-01-02 14:20:00,159.7667,159.8450,-0.049008961191545505
2020-01-02 14:25:00,159.8500,159.9032,-0.033281201126058126
2020-01-02 14:30:00,159.9100,159.9350,-0.01563379400913369
2020-01-02 14:35:00,159.9200,159.8950,0.015632816408189885
2020-01-02 14:40:00,159.8950,159.9101,-0.009443697426429642
2020-01-02 14:45:00,159.9150,159.9700,-0.03439327142544903
2020-01-02 14:50:00,159.9735,159.9520,0.013439725954613221
2020-01-02 14:55:00,159.9586,159.9843,-0.01606665724756312
2020-01-02 15:00:00,159.9800,160.0200,-0.02500312539068663
2020-01-02 15:05:00,160.0100,159.9850,0.015624023498517133
2020-01-02 15:10:00,159.9800,159.9100,0.04375546943367495
2020-01-02 15:15:00,159.9050,160.0570,-0.09505643976109991
2020-01-02 15:20:00,160.0500,159.9800,0.0437363323961397
2020-01-02 15:25:00,159.9800,160.0800,-0.0625078134766988
2020-01-02 15:30:00,160.0900,160.0700,0.012492972702861035
2020-01-02 15:35:00,160.0800,160.1750,-0.059345327336331126
2020-01-02 15:40:00,160.1800,160.1700,0.006242976651279389
2020-01-02 15:45:00,160.1750,160.1319,0.026908069299210045
2020-01-02 15:50:00,160.1350,160.1800,-0.02810128953696314
2020-01-02 15:55:00,160.1800,160.5700,-0.2434760893994171
2020-01-02 16:00:00,160.5700,160.7300,-0.09964501463535941
2020-01-03 09:35:00,158.3226,159.6426,-0.8337407293715448
2020-01-03 09:40:00,159.6300,159.6595,-0.018480235544705233
2020-01-03 09:45:00,159.6200,159.8050,-0.11590026312492312
2020-01-03 09:50:00,159.6931,159.6631,0.018786033961392907
2020-01-03 09:55:00,159.6500,159.5700,0.050109614782344186
2020-01-03 10:00:00,159.5600,159.6700,-0.06893958385559365
2020-01-03 10:05:00,159.6700,159.3200,0.21920210434019813
2020-01-03 10:10:00,159.3100,159.3890,-0.049588851923926765
2020-01-03 10:15:00,159.3926,159.3876,0.003136908488847947
2020-01-03 10:20:00,159.3800,159.2500,0.08156606851549471
2020-01-03 10:25:00,159.2600,159.4798,-0.1380133115660057
2020-01-03 10:30:00,159.4700,159.5550,-0.053301561422216065
2020-01-03 10:35:00,159.5500,159.5750,-0.015669069257271864
2020-01-03 10:40:00,159.5800,159.5200,0.03759869657852003
2020-01-03 10:45:00,159.5300,159.5900,-0.03761048078731416
2020-01-03 10:50:00,159.5904,159.5800,0.006516682707716607
2020-01-03 10:55:00,159.5727,159.3333,0.15002566228433134
2020-01-03 11:00:00,159.3400,159.3100,0.01882766411447291
2020-01-03 11:05:00,159.3100,159.1850,0.07846337329734479
2020-01-03 11:10:00,159.1900,159.1400,0.031409008103531234
2020-01-03 11:15:00,159.1300,159.2500,-0.07541004210394303
2020-01-03 11:20:00,159.2500,159.2340,0.010047095761375907
2020-01-03 11:25:00,159.2380,159.3400,-0.06405506223389132
2020-01-03 11:30:00,159.3300,159.3885,-0.036716249293906295
2020-01-03 11:35:00,159.3800,159.4700,-0.05646881666457737
2020-01-03 11:40:00,159.4500,159.4100,0.0250862339291264
2020-01-03 11:45:00,159.4764,159.4300,0.029095214088106797
2020-01-03 11:50:00,159.4350,159.4200,0.009408222786724858
2020-01-03 11:55:00,159.4210,159.5350,-0.07150877237001671
2020-01-03 12:00:00,159.5400,159.6000,-0.03760812335464603
2020-01-03 12:05:00,159.5900,159.8000,-0.13158719217996612
2020-01-03 12:10:00,159.7950,159.7250,0.04380612659970161
2020-01-03 12:15:00,159.7300,159.5340,0.12270706817754833
2020-01-03 12:20:00,159.5400,159.4647,0.047198194810078094
2020-01-03 12:25:00,159.4600,159.6100,-0.09406747773736716
2020-01-03 12:30:00,159.6100,159.5100,0.06265271599525264
2020-01-03 12:35:00,159.5100,159.6600,-0.09403799134850836
2020-01-03 12:40:00,159.6550,159.7300,-0.04697629263097844
2020-01-03 12:45:00,159.7286,159.7400,-0.007137106316595123
2020-01-03 12:50:00,159.7373,159.7900,-0.03299166819521008
2020-01-03 12:55:00,159.7900,159.7746,0.009637649414856772
2020-01-03 13:00:00,159.7700,159.7100,0.03755398385178836
2020-01-03 13:05:00,159.7100,159.7250,-0.009392023041754653
2020-01-03 13:10:00,159.7250,159.6500,0.04695570511816474
2020-01-03 13:15:00,159.6400,159.6750,-0.02192432974193499
2020-01-03 13:20:00,159.6700,159.5246,0.09106281706018356
2020-01-03 13:25:00,159.5300,159.6300,-0.06268413464551766
2020-01-03 13:30:00,159.6330,159.6800,-0.02944253381192926
2020-01-03 13:35:00,159.6900,159.5300,0.1001941261193541
2020-01-03 13:40:00,159.5352,159.4201,0.07214708728858109
2020-01-03 13:45:00,159.4100,159.4300,-0.01254626434979627
2020-01-03 13:50:00,159.4300,159.4600,-0.018817035689645073
2020-01-03 13:55:00,159.4600,159.3600,0.0627116518249055
2020-01-03 14:00:00,159.3600,159.3900,-0.018825301204802154
2020-01-03 14:05:00,159.3839,159.1600,0.14047842975357902
2020-01-03 14:10:00,159.1700,159.1600,0.00628259094049815
2020-01-03 14:15:00,159.1600,159.1875,-0.01727821060568196
2020-01-03 14:20:00,159.1841,159.2200,-0.022552503673418416
2020-01-03 14:25:00,159.2100,159.2100,0.0
2020-01-03 14:30:00,159.2200,159.2000,0.012561236025631348
2020-01-03 14:35:00,159.2000,159.1800,0.012562814070340333
2020-01-03 14:40:00,159.2000,159.3400,-0.0879396984924716
2020-01-03 14:45:00,159.3500,159.4000,-0.031377470975846485
2020-01-03 14:50:00,159.4000,159.4225,-0.014115432873279774
2020-01-03 14:55:00,159.4250,159.5400,-0.07213423239766703
2020-01-03 15:00:00,159.5400,159.5500,-0.0062680205591195476
2020-01-03 15:05:00,159.5550,159.6300,-0.04700573469962623
2020-01-03 15:10:00,159.6379,159.5500,0.05506211244321714
2020-01-03 15:15:00,159.5586,159.5100,0.03045902884584205
2020-01-03 15:20:00,159.5040,159.4903,0.00858912629150369
2020-01-03 15:25:00,159.5000,159.4400,0.037617554858935594
2020-01-03 15:30:00,159.4370,159.3500,0.054567007658208266
2020-01-03 15:35:00,159.3550,159.2100,0.09099181073702226
2020-01-03 15:40:00,159.2100,159.1100,0.06281012499214517
2020-01-03 15:45:00,159.1100,159.1950,-0.053422160769266244
2020-01-03 15:50:00,159.1900,159.0600,0.08166342106915979
2020-01-03 15:55:00,158.9800,158.8100,0.10693168952068657
2020-01-03 16:00:00,158.8100,158.5900,0.13853031924941683
2020-01-06 09:35:00,156.9300,157.4100,-0.30586885872681435
2020-01-06 09:40:00,157.4532,157.6400,-0.1186384271643744
2020-01-06 09:45:00,157.6743,157.9200,-0.15582755084373254
2020-01-06 09:50:00,157.9000,157.9500,-0.03166561114628432
2020-01-06 09:55:00,157.9800,158.0200,-0.025319660716559354
2020-01-06 10:00:00,157.9700,158.2500,-0.1772488447173521
2020-01-06 10:05:00,158.2500,158.0900,0.1011058451816724
2020-01-06 10:10:00,158.0900,158.0600,0.018976532354988383
2020-01-06 10:15:00,158.0700,158.3500,-0.1771367115834764
2020-01-06 10:20:00,158.3600,158.2800,0.05051780752716122
2020-01-06 10:25:00,158.2700,158.3050,-0.022114108801413148
2020-01-06 10:30:00,158.3014,158.4300,-0.08123743693991703
2020-01-06 10:35:00,158.4200,158.4500,-0.018937002903674498
2020-01-06 10:40:00,158.4500,158.4300,0.012622278321225503
2020-01-06 10:45:00,158.4500,158.8000,-0.2208898706216616
2020-01-06 10:50:00,158.8100,158.7700,0.02518733077261636
2020-01-06 10:55:00,158.7900,158.7800,0.00629762579506953
2020-01-06 11:00:00,158.7900,158.6500,0.088166761131045
2020-01-06 11:05:00,158.6245,158.6600,-0.0223798971785473
2020-01-06 11:10:00,158.6600,158.7050,-0.028362536241028562
2020-01-06 11:15:00,158.7100,158.7466,-0.02306092873794522
2020-01-06 11:20:00,158.7400,158.7000,0.025198437696875686
2020-01-06 11:25:00,158.6911,158.5700,0.07631177803923007
2020-01-06 11:30:00,158.5400,158.5700,-0.01892266935789147
2020-01-06 11:35:00,158.5650,158.5800,-0.009459842966616075
2020-01-06 11:40:00,158.5823,158.5300,0.032979720939854226
2020-01-06 11:45:00,158.5300,158.4601,0.04409260076956403
2020-01-06 11:50:00,158.4638,158.2900,0.10967804634244539
2020-01-06 11:55:00,158.2850,158.3011,-0.010171526044789115
2020-01-06 12:00:00,158.3050,158.2400,0.04105997915416299
2020-01-06 12:05:00,158.2400,158.0800,0.10111223458038206
2020-01-06 12:10:00,158.0900,158.0900,0.0
2020-01-06 12:15:00,158.1098,158.0500,0.037821817496445906
2020-01-06 12:20:00,158.0550,158.1100,-0.03479801334978762
2020-01-06 12:25:00,158.1150,158.2300,-0.07273187237136304
2020-01-06 12:30:00,158.2200,158.2500,-0.018960940462647666
2020-01-06 12:35:00,158.2400,158.3000,-0.037917087967645514
2020-01-06 12:40:00,158.2955,158.2200,0.04769560726616059
2020-01-06 12:45:00,158.2300,158.2550,-0.015799785122925923
2020-01-06 12:50:00,158.2600,158.1400,0.0758245924428185
2020-01-06 12:55:00,158.1441,158.1500,-0.003730774654253246
2020-01-06 13:00:00,158.1500,158.3062,-0.09876699336072343
2020-01-06 13:05:00,158.2800,158.2900,-0.006317917614348562
2020-01-06 13:10:00,158.2900,158.4250,-0.08528649946302314
2020-01-06 13:15:00,158.4300,158.4350,-0.0031559679353629065
2020-01-06 13:20:00,158.4400,158.3800,0.037869224943197596
2020-01-06 13:25:00,158.3890,158.3831,0.0037250061557285593
2020-01-06 13:30:00,158.3853,158.4200,-0.021908598840919346
2020-01-06 13:35:00,158.4269,158.3400,0.05485179600180636
2020-01-06 13:40:00,158.3440,158.3500,-0.0037892184105493276
2020-01-06 13:45:00,158.3450,158.3600,-0.0094729862010261
2020-01-06 13:50:00,158.3550,158.3500,0.003157462663001138
2020-01-06 13:55:00,158.3482,158.3400,0.005178461138167655
2020-01-06 14:00:00,158.3500,158.3800,-0.0189453741711406
2020-01-06 14:05:00,158.3636,158.3600,0.002273249660892654
2020-01-06 14:10:00,158.3700,158.3700,0.0
2020-01-06 14:15:00,158.3650,158.6282,-0.16619833927950206
2020-01-06 14:20:00,158.6200,158.6250,-0.0031521876182041687
2020-01-06 14:25:00,158.6200,158.6100,0.0063043752364083374
2020-01-06 14:30:00,158.6100,158.5400,0.0441334089906195
2020-01-06 14:35:00,158.5500,158.5700,-0.012614317250067366
2020-01-06 14:40:00,158.5600,158.5088,0.03229061553985517
2020-01-06 14:45:00,158.5050,158.4900,0.009463423866746385
2020-01-06 14:50:00,158.4993,158.5000,-0.0004416423290164789
2020-01-06 14:55:00,158.4900,158.4700,0.012619092687242244
2020-01-06 15:00:00,158.4800,158.5000,-0.01261988894498374
2020-01-06 15:05:00,158.5000,158.3700,0.08201892744479208
2020-01-06 15:10:00,158.3700,158.3225,0.029993054240079333
2020-01-06 15:15:00,158.3200,158.3400,-0.012632642748869525
2020-01-06 15:20:00,158.3450,158.3450,0.0
2020-01-06 15:25:00,158.3474,158.4750,-0.08058231458173677
2020-01-06 15:30:00,158.4700,158.3457,0.07843755915946563
2020-01-06 15:35:00,158.3400,158.4600,-0.07578628268283728
2020-01-06 15:40:00,158.4650,158.5300,-0.041018521440064196
2020-01-06 15:45:00,158.5400,158.5800,-0.025230225810533913
2020-01-06 15:50:00,158.5750,158.6749,-0.06299858111305023
2020-01-06 15:55:00,158.6800,158.9900,-0.19536173430804277
2020-01-06 16:00:00,158.9900,159.0200,-0.018869111264860138
2020-01-07 09:35:00,159.0751,158.9451,0.08172240658657166
2020-01-07 09:40:00,159.1700,158.9200,0.1570647735125966
2020-01-07 09:45:00,158.8000,158.4800,0.20151133501260804
2020-01-07 09:50:00,158.5200,158.8300,-0.19555892001009478
2020-01-07 09:55:00,158.8050,158.7400,0.04093070117439484
2020-01-07 10:00:00,158.7200,158.9200,-0.12600806451612187
2020-01-07 10:05:00,158.9300,158.9400,-0.006292078273447999
2020-01-07 10:10:00,158.9564,158.8750,0.051209010772766704
2020-01-07 10:15:00,158.8700,158.8800,-0.006294454585504441
2020-01-07 10:20:00,158.8868,158.7800,0.06721766691757444
2020-01-07 10:25:00,158.7900,158.8400,-0.031488128975383445
2020-01-07 10:30:00,158.8451,158.8151,0.018886323846313887
2020-01-07 10:35:00,158.8142,158.6092,0.12908165642619646
2020-01-07 10:40:00,158.5550,158.7100,-0.09775787581596362
2020-01-07 10:45:00,158.7100,158.7300,-0.012601600403239752
2020-01-07 10:50:00,158.7350,158.7050,0.018899423567581904
2020-01-07 10:55:00,158.7100,158.7800,-0.04410560141137494
2020-01-07 11:00:00,158.7800,158.9000,-0.07557626905152069
2020-01-07 11:05:00,159.0400,159.0750,-0.022007042253518985
2020-01-07 11:10:00,159.0800,159.0000,0.05028916268544915
2020-01-07 11:15:00,158.9900,159.0650,-0.04717277816214141
2020-01-07 11:20:00,159.0594,158.9250,0.08449673518195051
2020-01-07 11:25:00,158.9300,158.9350,-0.0031460391367239995
2020-01-07 11:30:00,158.9300,158.9300,0.0
2020-01-07 11:35:00,158.9350,158.7100,0.14156730738980988
2020-01-07 11:40:00,158.7050,158.7015,0.0022053495479049186
2020-01-07 11:45:00,158.7150,158.6000,0.07245691963583095
2020-01-07 11:50:00,158.6100,158.5550,0.03467624992119464
2020-01-07 11:55:00,158.5600,158.6100,-0.031533804238150456
2020-01-07 12:00:00,158.6000,158.6600,-0.03783102143758025
2020-01-07 12:05:00,158.6599,158.7168,-0.03586287398391973
2020-01-07 12:10:00,158.7154,158.6400,0.04750641714666751
2020-01-07 12:15:00,158.6400,158.6500,-0.006303580433698517
2020-01-07 12:20:00,158.6400,158.7494,-0.06896116994454246
2020-01-07 12:25:00,158.7450,158.7700,-0.015748527512681146
2020-01-07 12:30:00,158.7610,158.7200,0.025824982205955378
2020-01-07 12:35:00,158.7100,158.5550,0.09766240312519762
2020-01-07 12:40:00,158.5500,158.4700,0.05045726900032324
2020-01-07 12:45:00,158.4550,158.4900,-0.022088290050800912
2020-01-07 12:50:00,158.4900,158.4000,0.05678591709256319
2020-01-07 12:55:00,158.3930,158.4500,-0.035986438794636096
2020-01-07 13:00:00,158.4500,158.3900,0.03786683496371238
2020-01-07 13:05:00,158.3971,158.4300,-0.020770582289708676
2020-01-07 13:10:00,158.4350,158.4900,-0.03471455170890701
2020-01-07 13:15:00,158.4900,158.4800,0.006309546343630088
2020-01-07 13:20:00,158.4850,158.5900,-0.06625232671861045
2020-01-07 13:25:00,158.5900,158.5200,0.04413897471466875
2020-01-07 13:30:00,158.5100,158.5750,-0.041006876537756434
2020-01-07 13:35:00,158.5700,158.7100,-0.08828908368544792
2020-01-07 13:40:00,158.7100,158.5500,0.10081280322600755
2020-01-07 13:45:00,158.5500,158.4350,0.07253232418795906
2020-01-07 13:50:00,158.4300,158.3500,0.05049548696586032
2020-01-07 13:55:00,158.3500,158.4100,-0.0378907483422812
2020-01-07 14:00:00,158.4100,158.3700,0.025250931128080325
2020-01-07 14:05:00,158.3700,158.1500,0.13891519858558998
2020-01-07 14:10:00,158.1500,158.1000,0.03161555485299485
2020-01-07 14:15:00,158.0947,157.9400,0.09785274269155841
2020-01-07 14:20:00,157.9500,157.9250,0.01582779360555699
2020-01-07 14:25:00,157.9300,157.8700,0.037991515228267124
2020-01-07 14:30:00,157.8632,157.9250,-0.039147819124409726
2020-01-07 14:35:00,157.9200,157.9905,-0.04464285714286334
2020-01-07 14:40:00,158.0000,157.8900,0.06962025316456559
2020-01-07 14:45:00,157.8980,157.9954,-0.06168539183523114
2020-01-07 14:50:00,157.9900,158.0800,-0.05696563073612469
2020-01-07 14:55:00,158.0714,158.1200,-0.030745599773262786
2020-01-07 15:00:00,158.1100,158.0400,0.04427297451142976
2020-01-07 15:05:00,158.0400,158.0900,-0.03163756011137141
2020-01-07 15:10:00,158.0900,158.2650,-0.11069643873741726
2020-01-07 15:15:00,158.2622,158.2566,0.0035384317923138754
2020-01-07 15:20:00,158.2550,158.1900,0.041072951881455703
2020-01-07 15:25:00,158.1900,158.1750,0.0094822681585349
2020-01-07 15:30:00,158.1750,158.1700,0.003161055792649833
2020-01-07 15:35:00,158.1700,158.1650,0.0031611557185278203
2020-01-07 15:40:00,158.1650,158.0200,0.09167641387157831
2020-01-07 15:45:00,158.0250,158.1050,-0.050624901123229926
2020-01-07 15:50:00,158.1000,157.9400,0.10120177103099089
2020-01-07 15:55:00,157.9000,157.4350,0.2944901836605468
2020-01-07 16:00:00,157.4400,157.6000,-0.10162601626016045
2020-01-08 09:35:00,158.9300,158.3200,0.3838167746806856
2020-01-08 09:40:00,158.3151,158.4851,-0.1073807867979665
2020-01-08 09:45:00,158.4900,158.4000,0.05678591709256319
2020-01-08 09:50:00,158.4066,158.3516,0.03472077552324639
2020-01-08 09:55:00,158.3400,158.3800,-0.025262094227606443
2020-01-08 10:00:00,158.4300,158.6000,-0.10730290980242851
2020-01-08 10:05:00,158.6200,158.6650,-0.028369688563855435
2020-01-08 10:10:00,158.6700,158.5252,0.09125858700445906
2020-01-08 10:15:00,158.5200,158.7175,-0.1245899571031989
2020-01-08 10:20:00,158.7200,158.9300,-0.1323084677419405
2020-01-08 10:25:00,158.9250,159.1600,-0.1478684914267643
2020-01-08 10:30:00,159.1650,158.9881,0.11114252505261156
2020-01-08 10:35:00,158.9800,158.9400,0.025160397534276038
2020-01-08 10:40:00,158.9400,159.0101,-0.044104693595065116
2020-01-08 10:45:00,159.0320,159.0750,-0.027038583429736116
2020-01-08 10:50:00,159.0700,158.9400,0.08172502671779434
2020-01-08 10:55:00,158.9400,159.1400,-0.12583364791744597
2020-01-08 11:00:00,159.1300,159.1800,-0.031420850876648886
2020-01-08 11:05:00,159.1800,159.0000,0.11307953260460285
2020-01-08 11:10:00,158.9900,159.3000,-0.1949808164035488
2020-01-08 11:15:00,159.3000,159.4299,-0.08154425612052237
2020-01-08 11:20:00,159.3800,159.4100,-0.018822938888192458
2020-01-08 11:25:00,159.3850,159.2450,0.08783762587444638
2020-01-08 11:30:00,159.2464,159.4664,-0.13815068974871575
2020-01-08 11:35:00,159.3759,159.3359,0.02509789748637783
2020-01-08 11:40:00,159.3500,159.5100,-0.10040790712268377
2020-01-08 11:45:00,159.7700,160.1050,-0.20967640983913094
2020-01-08 11:50:00,160.1050,160.0400,0.04059835732800208
2020-01-08 11:55:00,160.0304,160.0300,0.00024995250901382296
2020-01-08 12:00:00,160.0400,159.8400,0.12496875781054027
2020-01-08 12:05:00,159.8400,159.9756,-0.08483483483482382
2020-01-08 12:10:00,159.9741,159.9300,0.027566962402030108
2020-01-08 12:15:00,159.9400,159.9050,0.02188320620232374
2020-01-08 12:20:00,159.9055,159.8068,0.06172395571132924
2020-01-08 12:25:00,159.8000,159.9419,-0.08879849812264867
2020-01-08 12:30:00,159.9500,159.9162,0.021131603626123898
2020-01-08 12:35:00,159.9200,159.9990,-0.0493996998499298
2020-01-08 12:40:00,160.0000,159.9900,0.0062499999999943165
2020-01-08 12:45:00,159.9900,160.0100,-0.012500781298819806
2020-01-08 12:50:00,160.0100,160.0226,-0.00787450784327253
2020-01-08 12:55:00,160.0245,159.9550,0.04343084965113254
2020-01-08 13:00:00,159.9600,159.9000,0.037509377344337506
2020-01-08 13:05:00,159.9000,159.8500,0.03126954346467252
2020-01-08 13:10:00,159.8500,159.7300,0.07507037847982768
2020-01-08 13:15:00,159.7200,159.5950,0.07826195842724769
2020-01-08 13:20:00,159.5950,159.6048,-0.006140543250109771
2020-01-08 13:25:00,159.5900,159.7010,-0.06955323015225891
2020-01-08 13:30:00,159.7000,159.7450,-0.02817783343770565
2020-01-08 13:35:00,159.7450,159.8658,-0.07562052020407692
2020-01-08 13:40:00,159.8700,159.8600,0.006255082254325956
2020-01-08 13:45:00,159.8604,159.7871,0.04585250631175015
2020-01-08 13:50:00,159.7800,159.8800,-0.06258605582675825
2020-01-08 13:55:00,159.8762,159.8101,0.041344490299372774
2020-01-08 14:00:00,159.8100,159.8200,-0.006257430698949318
2020-01-08 14:05:00,159.8100,159.9300,-0.07508916838746295
2020-01-08 14:10:00,159.9203,159.9400,-0.012318636220667591
2020-01-08 14:15:00,159.9500,159.9650,-0.009377930603322775
2020-01-08 14:20:00,159.9700,160.0073,-0.023316871913476072
2020-01-08 14:25:00,160.0050,159.9900,0.009374707040396462
2020-01-08 14:30:00,159.9800,159.9250,0.03437929741216302
2020-01-08 14:35:00,159.9289,159.9100,0.011817751513330072
2020-01-08 14:40:00,159.9050,159.9600,-0.03439542228198419
2020-01-08 14:45:00,159.9763,160.0500,-0.0460693240186217
2020-01-08 14:50:00,160.0450,160.0950,-0.031241213408735903
2020-01-08 14:55:00,160.0900,160.2550,-0.10306702479854583
2020-01-08 15:00:00,160.2600,160.3500,-0.056158742044180344
2020-01-08 15:05:00,160.3500,160.4400,-0.05612722170252785
2020-01-08 15:10:00,160.4400,160.4500,-0.006232859635995329
2020-01-08 15:15:00,160.4480,160.5900,-0.08850219385719729
2020-01-08 15:20:00,160.6000,160.5887,0.007036114570364658
2020-01-08 15:25:00,160.5950,160.6400,-0.0280207976586989
2020-01-08 15:30:00,160.6358,160.7150,-0.049304077920372905
2020-01-08 15:35:00,160.7200,160.7350,-0.009333001493289434
2020-01-08 15:40:00,160.7400,160.7271,0.008025382605450982
2020-01-08 15:45:00,160.7250,160.4250,0.18665422305178594
2020-01-08 15:50:00,160.4200,160.0900,0.20571001122053614
2020-01-08 15:55:00,160.1551,160.0601,0.05931749909930989
2020-01-08 16:00:00,160.0500,160.1400,-0.05623242736643235
2020-01-09 09:35:00,161.8393,161.8543,-0.009268453336109558
2020-01-09 09:40:00,161.9268,162.0868,-0.09881007961623711
2020-01-09 09:45:00,162.0700,161.8100,0.1604245079286672
2020-01-09 09:50:00,161.7765,161.5965,0.11126461507079634
2020-01-09 09:55:00,161.6100,161.5950,0.00928160386115635
2020-01-09 10:00:00,161.5200,161.6300,-0.06810302129766296
2020-01-09 10:05:00,161.6400,161.6300,0.006186587478341318
2020-01-09 10:10:00,161.6400,161.5500,0.05567928730510702
2020-01-09 10:15:00,161.5500,161.5400,0.006190034045199212
2020-01-09 10:20:00,161.5500,161.6500,-0.061900340451868964
2020-01-09 10:25:00,161.6600,161.4946,0.10231349746381622
2020-01-09 10:30:00,161.4900,161.3800,0.06811567279708566
2020-01-09 10:35:00,161.3858,161.5300,-0.0893511077182826
2020-01-09 10:40:00,161.5451,161.6151,-0.043331552612875045
2020-01-09 10:45:00,161.6100,161.5800,0.018563207722295114
2020-01-09 10:50:00,161.5900,161.6200,-0.018565505291169713
2020-01-09 10:55:00,161.6250,161.7400,-0.07115235885538072
2020-01-09 11:00:00,161.7400,161.7700,-0.01854828737479976
2020-01-09 11:05:00,161.7086,161.7000,0.005318208184352145
2020-01-09 11:10:00,161.6940,161.7100,-0.00989523420783675
2020-01-09 11:15:00,161.7200,161.6710,0.030299282710862352
2020-01-09 11:20:00,161.6700,161.8600,-0.1175233500340361
2020-01-09 11:25:00,161.8625,161.7710,0.056529461734512176
2020-01-09 11:30:00,161.7850,161.8450,-0.037086256451464766
2020-01-09 11:35:00,161.8400,161.8983,-0.03602323282254244
2020-01-09 11:40:00,161.8900,162.0200,-0.08030143924888744
2020-01-09 11:45:00,162.0250,161.9566,0.04221570745255171
2020-01-09 11:50:00,161.9600,162.1000,-0.08644109656704516
2020-01-09 11:55:00,162.1100,162.1000,0.006168650916056582
2020-01-09 12:00:00,162.1100,162.1300,-0.012337301832078101
2020-01-09 12:05:00,162.1200,162.1500,-0.018504811250925943
2020-01-09 12:10:00,162.1500,162.0950,0.033919210607466437
2020-01-09 12:15:00,162.0950,161.9800,0.07094605015577847
2020-01-09 12:20:00,161.9800,162.0100,-0.018520805037659675
2020-01-09 12:25:00,162.0151,161.7558,0.16004681045161598
2020-01-09 12:30:00,161.7450,161.6600,0.052551856317047174
2020-01-09 12:35:00,161.6500,161.2397,0.25381998144138973
2020-01-09 12:40:00,161.2400,161.2600,-0.012403870007431041
2020-01-09 12:45:00,161.2510,161.1100,0.08744131819337005
2020-01-09 12:50:00,161.1100,161.4548,-0.2140152690708163
2020-01-09 12:55:00,161.4600,161.5400,-0.04954787563482229
2020-01-09 13:00:00,161.5300,161.6800,-0.09286200705751606
2020-01-09 13:05:00,161.6800,161.7000,-0.012370113805035757
2020-01-09 13:10:00,161.6934,161.6283,0.04026138358151975
2020-01-09 13:15:00,161.6200,161.7550,-0.0835292661799226
2020-01-09 13:20:00,161.7500,161.6700,0.04945904173107419
2020-01-09 13:25:00,161.7000,161.6259,0.045825602968452187
2020-01-09 13:30:00,161.6341,161.7996,-0.1023917601545767
2020-01-09 13:35:00,161.7904,161.8300,-0.024476112303330227
2020-01-09 13:40:00,161.8300,161.8300,0.0
2020-01-09 13:45:00,161.8300,161.8900,-0.037075943891722085
2020-01-09 13:50:00,161.8954,161.9500,-0.03372547953801871
2020-01-09 13:55:00,161.9543,161.8300,0.07675004615498124
2020-01-09 14:00:00,161.8300,161.8450,-0.00926898597292613
2020-01-09 14:05:00,161.8427,161.8766,-0.020946264490142894
2020-01-09 14:10:00,161.8799,161.8901,-0.006300967569165502
2020-01-09 14:15:00,161.8950,161.8900,0.0030884215077821267
2020-01-09 14:20:00,161.8826,161.9100,-0.01692584626142655
2020-01-09 14:25:00,161.9200,161.9500,-0.018527667984190428
2020-01-09 14:30:00,161.9422,161.9148,0.016919616999151604
2020-01-09 14:35:00,161.9150,161.9500,-0.0216162801469886
2020-01-09 14:40:00,161.9500,161.9400,0.0061747452917510996
2020-01-09 14:45:00,161.9300,161.9900,-0.037053047613167585
2020-01-09 14:50:00,161.9900,161.7898,0.12358787579479923
2020-01-09 14:55:00,161.7833,161.7050,0.04839807322510079
2020-01-09 15:00:00,161.7100,161.8300,-0.07420691361078754
2020-01-09 15:05:00,161.8300,161.7150,0.07106222579250392
2020-01-09 15:10:00,161.7150,161.5577,0.09726988838388041
2020-01-09 15:15:00,161.5550,161.5227,0.01999319117329742
2020-01-09 15:20:00,161.5250,161.5900,-0.04024144869215151
2020-01-09 15:25:00,161.5900,161.4250,0.10211027910142462
2020-01-09 15:30:00,161.4250,161.5500,-0.07743534148985597
2020-01-09 15:35:00,161.5600,161.5483,0.007241891557310284
2020-01-09 15:40:00,161.5500,161.5900,-0.024760136180744068
2020-01-09 15:45:00,161.5900,161.7300,-0.0866390246921136
2020-01-09 15:50:00,161.7200,161.6350,0.05255998021271826
2020-01-09 15:55:00,161.6300,161.9650,-0.20726350306255523
2020-01-09 16:00:00,161.9700,162.0900,-0.07408779403593539
2020-01-10 09:35:00,162.8500,162.2450,0.371507522259742
2020-01-10 09:40:00,162.2900,162.3200,-0.018485427321462283
2020-01-10 09:45:00,162.2460,162.4450,-0.1226532549338559
2020-01-10 09:50:00,162.4400,162.5400,-0.06156119182467023
2020-01-10 09:55:00,162.5264,162.6200,-0.057590643735423434
2020-01-10 10:00:00,162.6500,162.6300,0.012296341838309395
2020-01-10 10:05:00,162.6250,163.0300,-0.2490392006149123
2020-01-10 10:10:00,163.0250,163.1200,-0.05827327097070931
2020-01-10 10:15:00,163.1300,162.8700,0.159382087905346
2020-01-10 10:20:00,162.8664,163.0400,-0.10659043240348735
2020-01-10 10:25:00,163.0200,163.0600,-0.024536866642124917
2020-01-10 10:30:00,163.0650,162.8600,0.12571673872381203
2020-01-10 10:35:00,162.8699,162.9600,-0.05532022798565403
2020-01-10 10:40:00,162.9542,162.8500,0.06394434755286556
2020-01-10 10:45:00,162.8550,162.7300,0.07675539590433209
2020-01-10 10:50:00,162.7248,162.7700,-0.02777695839848785
2020-01-10 10:55:00,162.7700,162.6600,0.06758002088837847
2020-01-10 11:00:00,162.7300,162.8100,-0.049161187242679594
2020-01-10 11:05:00,162.8100,162.7650,0.02763957987839562
2020-01-10 11:10:00,162.7700,162.9000,-0.0798672974135255
2020-01-10 11:15:00,162.8900,162.8066,0.05120019645158283
2020-01-10 11:20:00,162.8100,162.8000,0.006142128861857936
2020-01-10 11:25:00,162.7900,162.8000,-0.006142883469512457
2020-01-10 11:30:00,162.8000,162.6150,0.11363636363636502
2020-01-10 11:35:00,162.6000,162.5900,0.0061500615006094125
2020-01-10 11:40:00,162.5900,162.5650,0.01537609939110996
2020-01-10 11:45:00,162.5650,162.3500,0.13225479039153779
2020-01-10 11:50:00,162.3900,162.3600,0.018474043968207846
2020-01-10 11:55:00,162.3500,162.4600,-0.06775485063136043
2020-01-10 12:00:00,162.4500,162.4900,-0.024622960911062152
2020-01-10 12:05:00,162.4900,162.2700,0.13539294725829212
2020-01-10 12:10:00,162.2750,161.9800,0.18179017100601813
2020-01-10 12:15:00,161.9826,162.0566,-0.04568391913700131
2020-01-10 12:20:00,162.0550,162.0500,0.0030853722501591753
2020-01-10 12:25:00,162.0800,162.0599,0.012401283316888913
2020-01-10 12:30:00,162.0700,162.2300,-0.09872277410995038
2020-01-10 12:35:00,162.2353,162.2000,0.02175851987823029
2020-01-10 12:40:00,162.1800,162.2500,-0.043161918855588344
2020-01-10 12:45:00,162.2450,162.2450,0.0
2020-01-10 12:50:00,162.2500,162.2700,-0.01232665639445931
2020-01-10 12:55:00,162.2800,162.3300,-0.030810944047332613
2020-01-10 13:00:00,162.3300,162.1800,0.09240436148586562
2020-01-10 13:05:00,162.1834,162.2375,-0.033357297972545503
2020-01-10 13:10:00,162.2300,162.2200,0.006164088023171365
2020-01-10 13:15:00,162.2350,162.2900,-0.033901439270181154
2020-01-10 13:20:00,162.2900,162.2500,0.02464723642861054
2020-01-10 13:25:00,162.2500,162.1900,0.03697996918336042
2020-01-10 13:30:00,162.1850,162.1000,0.052409285692269915
2020-01-10 13:35:00,162.1100,162.2100,-0.06168650916044309
2020-01-10 13:40:00,162.2100,162.1450,0.040071512237221954
2020-01-10 13:45:00,162.1401,162.3000,-0.09861841703565108
2020-01-10 13:50:00,162.3000,162.2500,0.030807147258170894
2020-01-10 13:55:00,162.2550,162.2740,-0.01170996271301683
2020-01-10 14:00:00,162.2700,162.3599,-0.055401491341591225
2020-01-10 14:05:00,162.3500,162.2350,0.07083461656912884
2020-01-10 14:10:00,162.2400,162.2000,0.02465483234715265
2020-01-10 14:15:00,162.2000,162.0650,0.08323057953143706
2020-01-10 14:20:00,162.0500,162.1330,-0.05121875964208479
2020-01-10 14:25:00,162.1350,162.0700,0.04009004841644169
2020-01-10 14:30:00,162.0700,162.0046,0.04035293391743234
2020-01-10 14:35:00,162.0100,161.9900,0.01234491698042208
2020-01-10 14:40:00,161.9850,161.9550,0.018520233354940973
2020-01-10 14:45:00,161.9550,161.9646,-0.00592757247382151
2020-01-10 14:50:00,161.9700,162.0348,-0.04000740877939809
2020-01-10 14:55:00,162.0400,162.0600,-0.012342631449031248
2020-01-10 15:00:00,162.0600,162.1600,-0.06170554115759244
2020-01-10 15:05:00,162.1500,162.0150,0.08325624421832829
2020-01-10 15:10:00,162.0100,161.7600,0.15431146225541634
2020-01-10 15:15:00,161.7650,161.8100,-0.027818131239771227
2020-01-10 15:20:00,161.8200,161.7100,0.0679767643060099
2020-01-10 15:25:00,161.7002,161.7500,-0.030797735562482133
2020-01-10 15:30:00,161.7500,161.7200,0.018547140649150626
2020-01-10 15:35:00,161.7250,161.5950,0.08038336682640003
2020-01-10 15:40:00,161.5900,161.4500,0.08663902469213118
2020-01-10 15:45:00,161.4500,161.3900,0.037163208423661984
2020-01-10 15:50:00,161.4000,161.3000,0.06195786864931494
2020-01-10 15:55:00,161.2900,161.4500,-0.09920019840039468
2020-01-10 16:00:00,161.4400,161.3200,0.07433102081268865
2020-01-10 04:19,162.8235,161.3400,-0.4627%
2020-01-10 05:19,162.8235,161.3400,-0.4627%
2020-01-10 10:19,162.8235,161.3400,-0.4627%
2020-01-10 15:19,162.8235,161.3400,-0.4627%
2020-01-10 20:19,162.8235,161.3400,-0.4627%
2020-01-10 25:19,162.8235,161.3400,-0.4627%
2020-01-10 30:19,162.8235,161.3400,-0.4627%
2020-01-10 35:19,162.8235,161.3400,-0.4627%
2020-01-10 40:19,162.8235,161.3400,-0.4627%
2020-01-10 45:19,162.8235,161.3400,-0.4627%
2020-01-10 50:19,162.8235,161.3400,-0.4627%
2020-01-10 55:19,162.8235,161.3400,-0.4627%
2020-01-10 00:20,162.8235,161.3400,-0.4627%
2020-01-10 05:20,162.8235,161.3400,-0.4627%
2020-01-10 10:20,162.8235,161.3400,-0.4627%
2020-01-10 15:20,162.8235,161.3400,-0.4627%
2020-01-10 20:20,162.8235,161.3400,-0.4627%
2020-01-10 25:20,162.8235,161.3400,-0.4627%
2020-01-10 30:20,162.8235,161.3400,-0.4627%
2020-01-10 35:20,162.8235,161.3400,-0.4627%
2020-01-10 40:20,162.8235,161.3400,-0.4627%
2020-01-10 45:20,162.8235,161.3400,-0.4627%
2020-01-10 50:20,162.8235,161.3400,-0.4627%
2020-01-10 55:20,162.8235,161.3400,-0.4627%
2020-01-10 00:21,162.8235,161.3400,-0.4627%
2020-01-10 05:21,162.8235,161.3400,-0.4627%
2020-01-10 10:21,162.8235,161.3400,-0.4627%
2020-01-10 15:21,162.8235,161.3400,-0.4627%
2020-01-10 20:21,162.8235,161.3400,-0.4627%
2020-01-10 25:21,162.8235,161.3400,-0.4627%
2020-01-10 30:21,162.8235,161.3400,-0.4627%
2020-01-10 35:21,162.8235,161.3400,-0.4627%
2020-01-10 40:21,162.8235,161.3400,-0.4627%
2020-01-10 45:21,162.8235,161.3400,-0.4627%
2020-01-10 50:21,162.8235,161.3400,-0.4627%
2020-01-10 55:21,162.8235,161.3400,-0.4627%
2020-01-10 00:22,162.8235,161.3400,-0.4627%
2020-01-10 05:22,162.8235,161.3400,-0.4627%
2020-01-10 10:22,162.8235,161.3400,-0.4627%
2020-01-10 15:22,162.8235,161.3400,-0.4627%
2020-01-10 20:22,162.8235,161.3400,-0.4627%
2020-01-10 25:22,162.8235,161.3400,-0.4627%
2020-01-10 30:22,162.8235,161.3400,-0.4627%
2020-01-10 35:22,162.8235,161.3400,-0.4627%
2020-01-10 39:22,162.8235,161.3400,-0.4627%
2020-01-10 40:22,162.8235,161.3400,-0.4627%
2020-01-10 45:22,162.8235,161.3400,-0.4627%
2020-01-10 50:22,162.8235,161.3400,-0.4627%
2020-01-10 55:22,162.8235,161.3400,-0.4627%
2020-01-10 00:23,162.8235,161.3400,-0.4627%
2020-01-10 05:23,162.8235,161.3400,-0.4627%
2020-01-10 10:23,162.8235,161.3400,-0.4627%
2020-01-10 15:23,162.8235,161.3400,-0.4627%
2020-01-10 20:23,162.8235,161.3400,-0.4627%
2020-01-10 25:23,162.8235,161.3400,-0.4627%
2020-01-10 30:23,162.8235,161.3400,-0.4627%
2020-01-10 35:23,162.8235,161.3400,-0.4627%
2020-01-10 40:23,162.8235,161.3400,-0.4627%
2020-01-10 45:23,162.8235,161.3400,-0.4627%
2020-01-10 50:23,162.8235,161.3400,-0.4627%
2020-01-10 55:23,162.8235,161.3400,-0.4627%
2020-01-10 00:00,162.8235,161.3400,-0.4627%
2020-01-10 05:00,162.8235,161.3400,-0.4627%
2020-01-10 10:00,162.8235,161.3400,-0.4627%
2020-01-10 15:00,162.8235,161.3400,-0.4627%
2020-01-10 20:00,162.8235,161.3400,-0.4627%
2020-01-10 25:00,162.8235,161.3400,-0.4627%
2020-01-10 30:00,162.8235,161.3400,-0.4627%
2020-01-10 35:00,162.8235,161.3400,-0.4627%
2020-01-10 40:00,162.8235,161.3400,-0.4627%
2020-01-10 45:00,162.8235,161.3400,-0.4627%
2020-01-10 50:00,162.8235,161.3400,-0.4627%
2020-01-10 55:00,162.8235,161.3400,-0.4627%
2020-01-10 00:01,162.8235,161.3400,-0.4627%
2020-01-10 05:01,162.8235,161.3400,-0.4627%
2020-01-10 10:01,162.8235,161.3400,-0.4627%
2020-01-10 15:01,162.8235,161.3400,-0.4627%
2020-01-10 20:01,162.8235,161.3400,-0.4627%
2020-01-10 25:01,162.8235,161.3400,-0.4627%
2020-01-10 30:01,162.8235,161.3400,-0.4627%
2020-01-10 35:01,162.8235,161.3400,-0.4627%
2020-01-10 40:01,162.8235,161.3400,-0.4627%
2020-01-10 45:01,162.8235,161.3400,-0.4627%
2020-01-10 50:01,162.8235,161.3400,-0.4627%
2020-01-10 55:01,162.8235,161.3400,-0.4627%
2020-01-10 00:02,162.8235,161.3400,-0.4627%
2020-01-10 05:02,162.8235,161.3400,-0.4627%
2020-01-10 10:02,162.8235,161.3400,-0.4627%
2020-01-10 15:02,162.8235,161.3400,-0.4627%
2020-01-10 20:02,162.8235,161.3400,-0.4627%
2020-01-10 25:02,162.8235,161.3400,-0.4627%
2020-01-10 30:02,162.8235,161.3400,-0.4627%
2020-01-10 35:02,162.8235,161.3400,-0.4627%
2020-01-10 40:02,162.8235,161.3400,-0.4627%
2020-01-10 45:02,162.8235,161.3400,-0.4627%
2020-01-10 50:02,162.8235,161.3400,-0.4627%
2020-01-10 55:02,162.8235,161.3400,-0.4627%
2020-01-10 00:03,162.8235,161.3400,-0.4627%
2020-01-10 05:03,162.8235,161.3400,-0.4627%
2020-01-10 10:03,162.8235,161.3400,-0.4627%
2020-01-10 15:03,162.8235,161.3400,-0.4627%
2020-01-10 20:03,162.8235,161.3400,-0.4627%
2020-01-10 25:03,162.8235,161.3400,-0.4627%
2020-01-10 30:03,162.8235,161.3400,-0.4627%
2020-01-10 35:03,162.8235,161.3400,-0.4627%
2020-01-10 40:03,162.8235,161.3400,-0.4627%
2020-01-10 45:03,162.8235,161.3400,-0.4627%
2020-01-10 50:03,162.8235,161.3400,-0.4627%
2020-01-10 55:03,162.8235,161.3400,-0.4627%
2020-01-10 00:04,162.8235,161.3400,-0.4627%
2020-01-10 05:04,162.8235,161.3400,-0.4627%
2020-01-10 10:04,162.8235,161.3400,-0.4627%
2020-01-10 15:04,162.8235,161.3400,-0.4627%
2020-01-10 20:04,162.8235,161.3400,-0.4627%
2020-01-10 25:04,162.8235,161.3400,-0.4627%
2020-01-10 30:04,162.8235,161.3400,-0.4627%
2020-01-10 35:04,162.8235,161.3400,-0.4627%
2020-01-10 40:04,162.8235,161.3400,-0.4627%
2020-01-10 45:04,162.8235,161.3400,-0.4627%
2020-01-10 50:04,162.8235,161.3400,-0.4627%
2020-01-10 55:04,162.8235,161.3400,-0.4627%
2020-01-10 00:05,162.8235,161.3400,-0.4627%
2020-01-10 05:05,162.8235,161.3400,-0.4627%
2020-01-10 10:05,162.8235,161.3400,-0.4627%
2020-01-10 15:05,162.8235,161.3400,-0.4627%
2020-01-10 20:05,162.8235,161.3400,-0.4627%
2020-01-10 25:05,162.8235,161.3400,-0.4627%
2020-01-10 30:05,162.8235,161.3400,-0.4627%
2020-01-10 35:05,162.8235,161.3400,-0.4627%
2020-01-10 40:05,162.8235,161.3400,-0.4627%
2020-01-10 45:05,162.8235,161.3400,-0.4627%
2020-01-10 50:05,162.8235,161.3400,-0.4627%
2020-01-10 55:05,162.8235,161.3400,-0.4627%
2020-01-10 00:06,162.8235,161.3400,-0.4627%
2020-01-10 05:06,162.8235,161.3400,-0.4627%
2020-01-10 10:06,162.8235,161.3400,-0.4627%
2020-01-10 15:06,162.8235,161.3400,-0.4627%
2020-01-10 20:06,162.8235,161.3400,-0.4627%
2020-01-10 25:06,162.8235,161.3400,-0.4627%
2020-01-10 30:06,162.8235,161.3400,-0.4627%
2020-01-10 35:06,162.8235,161.3400,-0.4627%
2020-01-10 40:06,162.8235,161.3400,-0.4627%
2020-01-10 45:06,162.8235,161.3400,-0.4627%
2020-01-10 50:06,162.8235,161.3400,-0.4627%
2020-01-10 55:06,162.8235,161.3400,-0.4627%
2020-01-10 00:07,162.8235,161.3400,-0.4627%
2020-01-10 05:07,162.8235,161.3400,-0.4627%
2020-01-10 10:07,162.8235,161.3400,-0.4627%
2020-01-10 15:07,162.8235,161.3400,-0.4627%
2020-01-10 20:07,162.8235,161.3400,-0.4627%
2020-01-10 25:07,162.8235,161.3400,-0.4627%
2020-01-10 30:07,162.8235,161.3400,-0.4627%
2020-01-10 35:07,162.8235,161.3400,-0.4627%
2020-01-10 40:07,162.8235,161.3400,-0.4627%
2020-01-10 45:07,162.8235,161.3400,-0.4627%
2020-01-10 50:07,162.8235,161.3400,-0.4627%
2020-01-10 55:07,162.8235,161.3400,-0.4627%
2020-01-10 00:08,162.8235,161.3400,-0.4627%
2020-01-10 05:08,162.8235,161.3400,-0.4627%
2020-01-10 10:08,162.8235,161.3400,-0.4627%
2020-01-10 15:08,162.8235,161.3400,-0.4627%
2020-01-10 20:08,162.8235,161.3400,-0.4627%
2020-01-10 25:08,162.8235,161.3400,-0.4627%
2020-01-10 30:08,162.8235,161.3400,-0.4627%
2020-01-10 35:08,162.8235,161.3400,-0.4627%
2020-01-10 40:08,162.8235,161.3400,-0.4627%
2020-01-10 45:08,162.8235,161.3400,-0.4627%
2020-01-10 50:08,162.8235,161.3400,-0.4627%
2020-01-10 55:08,162.8235,161.3400,-0.4627%
2020-01-10 00:09,162.8235,161.3400,-0.4627%
2020-01-10 05:09,162.8235,161.3400,-0.4627%
2020-01-10 10:09,162.8235,161.3400,-0.4627%
2020-01-10 15:09,162.8235,161.3400,-0.4627%
2020-01-10 20:09,162.8235,161.3400,-0.4627%
2020-01-10 25:09,162.8235,161.3400,-0.4627%
2020-01-10 30:09,162.8235,161.3400,-0.4627%
2020-01-10 35:09,162.8235,161.3400,-0.4627%
2020-01-10 40:09,162.8235,161.3400,-0.4627%
2020-01-10 45:09,162.8235,161.3400,-0.4627%
2020-01-10 50:09,162.8235,161.3400,-0.4627%
2020-01-10 55:09,162.8235,161.3400,-0.4627%
2020-01-10 00:10,162.8235,161.3400,-0.4627%
2020-01-10 05:10,162.8235,161.3400,-0.4627%
2020-01-10 10:10,162.8235,161.3400,-0.4627%
2020-01-10 15:10,162.8235,161.3400,-0.4627%
2020-01-10 20:10,162.8235,161.3400,-0.4627%
2020-01-10 25:10,162.8235,161.3400,-0.4627%
2020-01-10 30:10,162.8235,161.3400,-0.4627%
2020-01-10 35:10,162.8235,161.3400,-0.4627%
2020-01-10 40:10,162.8235,161.3400,-0.4627%
2020-01-10 45:10,162.8235,161.3400,-0.4627%
2020-01-10 50:10,162.8235,161.3400,-0.4627%
2020-01-10 55:10,162.8235,161.3400,-0.4627%
2020-01-10 00:11,162.8235,161.3400,-0.4627%
2020-01-10 05:11,162.8235,161.3400,-0.4627%
2020-01-10 10:11,162.8235,161.3400,-0.4627%
2020-01-10 15:11,162.8235,161.3400,-0.4627%
2020-01-10 20:11,162.8235,161.3400,-0.4627%
2020-01-10 25:11,162.8235,161.3400,-0.4627%
2020-01-10 30:11,162.8235,161.3400,-0.4627%
2020-01-10 35:11,162.8235,161.3400,-0.4627%
2020-01-10 40:11,162.8235,161.3400,-0.4627%
2020-01-10 45:11,162.8235,161.3400,-0.4627%
2020-01-10 50:11,162.8235,161.3400,-0.4627%
2020-01-10 55:11,162.8235,161.3400,-0.4627%
2020-01-10 00:12,162.8235,161.3400,-0.4627%
2020-01-10 05:12,162.8235,161.3400,-0.4627%
2020-01-10 10:12,162.8235,161.3400,-0.4627%
2020-01-10 15:12,162.8235,161.3400,-0.4627%
2020-01-10 20:12,162.8235,161.3400,-0.4627%
2020-01-10 25:12,162.8235,161.3400,-0.4627%
2020-01-10 30:12,162.8235,161.3400,-0.4627%
2020-01-10 35:12,162.8235,161.3400,-0.4627%
2020-01-10 40:12,162.8235,161.3400,-0.4627%
2020-01-10 45:12,162.8235,161.3400,-0.4627%
2020-01-10 50:12,162.8235,161.3400,-0.4627%
2020-01-10 55:12,162.8235,161.3400,-0.4627%
2020-01-10 00:13,162.8235,161.3400,-0.4627%
2020-01-10 05:13,162.8235,161.3400,-0.4627%
2020-01-10 10:13,162.8235,161.3400,-0.4627%
2020-01-10 15:13,162.8235,161.3400,-0.4627%
2020-01-10 20:13,162.8235,161.3400,-0.4627%
2020-01-10 25:13,162.8235,161.3400,-0.4627%
2020-01-10 30:13,162.8235,161.3400,-0.4627%
2020-01-10 35:13,162.8235,161.3400,-0.4627%
2020-01-10 40:13,162.8235,161.3400,-0.4627%
2020-01-10 45:13,162.8235,161.3400,-0.4627%
2020-01-10 50:13,162.8235,161.3400,-0.4627%
2020-01-10 55:13,162.8235,161.3400,-0.4627%
2020-01-10 00:14,162.8235,161.3400,-0.4627%
2020-01-10 05:14,162.8235,161.3400,-0.4627%
2020-01-10 10:14,162.8235,161.3400,-0.4627%
2020-01-10 15:14,162.8235,161.3400,-0.4627%
2020-01-10 20:14,162.8235,161.3400,-0.4627%
2020-01-10 25:14,162.8235,161.3400,-0.4627%
2020-01-10 30:14,162.8235,161.3400,-0.4627%
2020-01-10 35:14,162.8235,161.3400,-0.4627%
2020-01-10 40:14,162.8235,161.3400,-0.4627%
2020-01-10 45:14,162.8235,161.3400,-0.4627%
2020-01-10 50:14,162.8235,161.3400,-0.4627%
2020-01-10 55:14,162.8235,161.3400,-0.4627%
2020-01-10 15:00:00,162.8235,161.3400,-0.4627%
2020-01-10 15:05:00,162.8235,161.3400,-0.4627%
2020-01-10 15:10:00,162.8235,161.3400,-0.4627%
2020-01-10 15:15:00,162.8235,161.3400,-0.4627%
2020-01-10 15:20:00,162.8235,161.3400,-0.4627%
2020-01-10 15:25:00,162.8235,161.3400,-0.4627%
2020-01-10 15:30:00,162.8235,161.3400,-0.4627%
2020-01-10 15:35:00,162.8235,161.3400,-0.4627%
2020-01-10 15:40:00,162.8235,161.3400,-0.4627%
2020-01-10 15:45:00,162.8235,161.3400,-0.4627%
2020-01-10 15:50:00,162.8235,161.3400,-0.4627%
2020-01-10 16:35:00,162.8235,161.3400,-0.4627%
2020-01-10 16:40:00,162.8235,161.3400,-0.4627%
2020-01-10 16:45:00,162.8235,161.3400,-0.4627%
2020-01-10 16:50:00,162.8235,161.3400,-0.4627%
2020-01-10 16:55:00,162.8235,161.3400,-0.4627%
2020-01-10 17:00:00,162.8235,161.3400,-0.4627%
2020-01-10 17:05:00,162.8235,161.3400,-0.4627%
2020-01-10 17:10:00,162.8235,161.3400,-0.4627%
2020-01-10 17:15:00,162.8235,161.3400,-0.4627%
2020-01-10 17:20:00,162.8235,161.3400,-0.4627%
2020-01-10 17:25:00,162.8235,161.3400,-0.4627%
2020-01-10 17:30:00,162.8235,161.3400,-0.4627%
2020-01-10 17:35:00,162.8235,161.3400,-0.4627%
2020-01-10 17:40:00,162.8235,161.3400,-0.4627%
2020-01-10 17:45:00,162.8235,161.3400,-0.4627%
2020-01-10 17:50:00,162.8235,161.3400,-0.4627%
